date,year,crop,ndvi_mean,precip_group
2018-01-20,2018,ALFALFA,0.6159163653248082,higher-precipitation
2018-01-20,2018,ALFALFA,0.5895936596788585,higher-precipitation
2018-01-25,2018,ALFALFA,0.5182650083584431,higher-precipitation
2018-01-25,2018,ALFALFA,0.5462576201132615,higher-precipitation
2018-02-09,2018,ALFALFA,0.6592102077548647,higher-precipitation
2018-02-09,2018,ALFALFA,0.6203453632381434,higher-precipitation
2018-02-19,2018,ALFALFA,0.6605185833041282,higher-precipitation
2018-02-19,2018,ALFALFA,0.6167199613732778,higher-precipitation
2018-03-06,2018,ALFALFA,0.6446035438776109,higher-precipitation
2018-03-06,2018,ALFALFA,0.6133665931425628,higher-precipitation
2018-03-11,2018,ALFALFA,0.6563343793173143,higher-precipitation
2018-03-11,2018,ALFALFA,0.6138049890871008,higher-precipitation
2018-03-26,2018,ALFALFA,0.654510000152597,higher-precipitation
2018-03-26,2018,ALFALFA,0.6635706044824831,higher-precipitation
2018-03-31,2018,ALFALFA,0.6618993783503293,higher-precipitation
2018-04-15,2018,ALFALFA,0.7523763728762958,higher-precipitation
2018-04-15,2018,ALFALFA,0.7327526167153768,higher-precipitation
2018-04-20,2018,ALFALFA,0.7791790051110129,higher-precipitation
2018-04-20,2018,ALFALFA,0.7611892064951752,higher-precipitation
2018-04-20,2018,ALFALFA,0.7813525580332794,higher-precipitation
2018-04-20,2018,ALFALFA,0.7299320435739426,higher-precipitation
2018-04-25,2018,ALFALFA,0.7367567909442256,higher-precipitation
2018-04-25,2018,ALFALFA,0.6976657984640416,higher-precipitation
2018-04-30,2018,ALFALFA,0.7169416220069462,higher-precipitation
2018-05-15,2018,ALFALFA,0.5821398982060525,higher-precipitation
2018-05-15,2018,ALFALFA,0.6401662456857304,higher-precipitation
2018-05-20,2018,ALFALFA,0.5832336685576193,higher-precipitation
2018-05-20,2018,ALFALFA,0.6650925060752652,higher-precipitation
2018-05-30,2018,ALFALFA,0.6096071700755049,higher-precipitation
2018-06-04,2018,ALFALFA,0.6070584063845752,higher-precipitation
2018-06-04,2018,ALFALFA,0.6159059493537721,higher-precipitation
2018-06-09,2018,ALFALFA,0.5855072495959774,higher-precipitation
2018-06-14,2018,ALFALFA,0.5692394108691458,higher-precipitation
2018-06-14,2018,ALFALFA,0.5969980454896681,higher-precipitation
2018-06-19,2018,ALFALFA,0.5870536649748899,higher-precipitation
2018-06-19,2018,ALFALFA,0.6035592965883901,higher-precipitation
2018-06-24,2018,ALFALFA,0.5991896879155314,higher-precipitation
2018-06-24,2018,ALFALFA,0.6113319794900561,higher-precipitation
2018-06-29,2018,ALFALFA,0.5810041200721833,higher-precipitation
2018-06-29,2018,ALFALFA,0.5964640295707337,higher-precipitation
2018-07-04,2018,ALFALFA,0.6328230650687002,higher-precipitation
2018-07-04,2018,ALFALFA,0.601576776816817,higher-precipitation
2018-07-09,2018,ALFALFA,0.6130242702792795,higher-precipitation
2018-07-09,2018,ALFALFA,0.6018375545779928,higher-precipitation
2018-07-14,2018,ALFALFA,0.589491384919636,higher-precipitation
2018-07-14,2018,ALFALFA,0.5889894826372295,higher-precipitation
2018-07-19,2018,ALFALFA,0.5727310825308833,higher-precipitation
2018-07-19,2018,ALFALFA,0.5943132165384866,higher-precipitation
2018-07-24,2018,ALFALFA,0.5760357017034051,higher-precipitation
2018-07-24,2018,ALFALFA,0.5927156322177017,higher-precipitation
2018-07-29,2018,ALFALFA,0.4770203947537583,higher-precipitation
2018-07-29,2018,ALFALFA,0.3477814119363995,higher-precipitation
2018-08-03,2018,ALFALFA,0.4699531424902743,higher-precipitation
2018-08-03,2018,ALFALFA,0.4744028014746672,higher-precipitation
2018-08-08,2018,ALFALFA,0.4925173690673327,higher-precipitation
2018-08-08,2018,ALFALFA,0.5839923404408347,higher-precipitation
2018-08-13,2018,ALFALFA,0.645641888164116,higher-precipitation
2018-08-13,2018,ALFALFA,0.6318630810557052,higher-precipitation
2018-08-18,2018,ALFALFA,0.6547371987578919,higher-precipitation
2018-08-18,2018,ALFALFA,0.6158000219233705,higher-precipitation
2018-08-23,2018,ALFALFA,0.6247939715940117,higher-precipitation
2018-08-23,2018,ALFALFA,0.5693924543608254,higher-precipitation
2018-08-28,2018,ALFALFA,0.5923911136314522,higher-precipitation
2018-08-28,2018,ALFALFA,0.6021441233333498,higher-precipitation
2018-09-02,2018,ALFALFA,0.587278015418835,higher-precipitation
2018-09-02,2018,ALFALFA,0.5976295562094074,higher-precipitation
2018-09-07,2018,ALFALFA,0.5963966421330585,higher-precipitation
2018-09-07,2018,ALFALFA,0.6231084405866559,higher-precipitation
2018-09-17,2018,ALFALFA,0.6420720367660616,higher-precipitation
2018-09-17,2018,ALFALFA,0.6521780225656054,higher-precipitation
2018-09-22,2018,ALFALFA,0.6234170861328803,higher-precipitation
2018-09-22,2018,ALFALFA,0.6320257110438661,higher-precipitation
2018-09-27,2018,ALFALFA,0.610643077487319,higher-precipitation
2018-09-27,2018,ALFALFA,0.6102240814826954,higher-precipitation
2018-10-02,2018,ALFALFA,0.6202002918231393,higher-precipitation
2018-10-07,2018,ALFALFA,0.6005059504533513,higher-precipitation
2018-10-07,2018,ALFALFA,0.6280634901476804,higher-precipitation
2018-10-12,2018,ALFALFA,0.5368574474253096,higher-precipitation
2018-10-12,2018,ALFALFA,0.5895282852842648,higher-precipitation
2018-10-17,2018,ALFALFA,0.5142579944757711,higher-precipitation
2018-10-17,2018,ALFALFA,0.5768715309044875,higher-precipitation
2018-10-22,2018,ALFALFA,0.515594912230883,higher-precipitation
2018-10-22,2018,ALFALFA,0.5889013158202002,higher-precipitation
2018-10-27,2018,ALFALFA,0.5815213051665438,higher-precipitation
2018-11-01,2018,ALFALFA,0.5075771492188829,higher-precipitation
2018-11-01,2018,ALFALFA,0.5649216077597802,higher-precipitation
2018-11-06,2018,ALFALFA,0.5409262181222071,higher-precipitation
2018-11-06,2018,ALFALFA,0.605074036339346,higher-precipitation
2018-11-11,2018,ALFALFA,0.4727026979405379,higher-precipitation
2018-11-11,2018,ALFALFA,0.4489298589182245,higher-precipitation
2018-11-16,2018,ALFALFA,0.2711771844922417,higher-precipitation
2018-11-16,2018,ALFALFA,0.2605229130360696,higher-precipitation
2018-12-01,2018,ALFALFA,0.5355235661225907,higher-precipitation
2018-12-06,2018,ALFALFA,0.5415327437807244,higher-precipitation
2018-12-06,2018,ALFALFA,0.5754631820261829,higher-precipitation
2018-12-11,2018,ALFALFA,0.510900508366095,higher-precipitation
2018-12-11,2018,ALFALFA,0.370849837295848,higher-precipitation
2018-12-26,2018,ALFALFA,0.5622042090505605,higher-precipitation
2018-12-26,2018,ALFALFA,0.6038340237174783,higher-precipitation
2019-01-10,2019,ALFALFA,0.2618683295908331,higher-precipitation
2019-01-10,2019,ALFALFA,0.0530905487672162,higher-precipitation
2019-01-25,2019,ALFALFA,0.5813726151212755,higher-precipitation
2019-01-25,2019,ALFALFA,0.605534745602556,higher-precipitation
2019-01-30,2019,ALFALFA,0.3064360614167476,higher-precipitation
2019-01-30,2019,ALFALFA,0.4900180674555916,higher-precipitation
2019-02-19,2019,ALFALFA,0.6054059078858718,higher-precipitation
2019-02-19,2019,ALFALFA,0.6545604003658101,higher-precipitation
2019-03-11,2019,ALFALFA,0.6316578817245249,higher-precipitation
2019-03-11,2019,ALFALFA,0.6473003063692483,higher-precipitation
2019-03-16,2019,ALFALFA,0.6121426422414482,higher-precipitation
2019-03-16,2019,ALFALFA,0.6255265460064007,higher-precipitation
2019-03-21,2019,ALFALFA,0.6309199930451812,higher-precipitation
2019-03-21,2019,ALFALFA,0.6626558703888609,higher-precipitation
2019-03-31,2019,ALFALFA,0.6659734385965056,higher-precipitation
2019-03-31,2019,ALFALFA,0.6897392325851674,higher-precipitation
2019-04-10,2019,ALFALFA,0.6755721332439009,higher-precipitation
2019-04-10,2019,ALFALFA,0.7155980733912853,higher-precipitation
2019-04-20,2019,ALFALFA,0.6790043235725038,higher-precipitation
2019-04-20,2019,ALFALFA,0.7128576927783375,higher-precipitation
2019-04-25,2019,ALFALFA,0.6421251258203511,higher-precipitation
2019-04-25,2019,ALFALFA,0.6743493784672449,higher-precipitation
2019-04-30,2019,ALFALFA,0.5893788234130661,higher-precipitation
2019-05-05,2019,ALFALFA,0.5666070083637527,higher-precipitation
2019-05-05,2019,ALFALFA,0.6374868747982925,higher-precipitation
2019-05-10,2019,ALFALFA,0.5498018666534163,higher-precipitation
2019-05-10,2019,ALFALFA,0.6362587982687081,higher-precipitation
2019-05-25,2019,ALFALFA,0.5788694431893547,higher-precipitation
2019-05-25,2019,ALFALFA,0.6735006145189215,higher-precipitation
2019-05-30,2019,ALFALFA,0.6199439537274699,higher-precipitation
2019-05-30,2019,ALFALFA,0.6723151695306575,higher-precipitation
2019-06-04,2019,ALFALFA,0.57309337341301,higher-precipitation
2019-06-04,2019,ALFALFA,0.6138704119979432,higher-precipitation
2019-06-09,2019,ALFALFA,0.5267841434073066,higher-precipitation
2019-06-09,2019,ALFALFA,0.5871776294739586,higher-precipitation
2019-06-14,2019,ALFALFA,0.4991037215554678,higher-precipitation
2019-06-14,2019,ALFALFA,0.5666975961095159,higher-precipitation
2019-06-19,2019,ALFALFA,0.5026148092547791,higher-precipitation
2019-06-19,2019,ALFALFA,0.582084255207205,higher-precipitation
2019-06-24,2019,ALFALFA,0.5324055875495107,higher-precipitation
2019-06-24,2019,ALFALFA,0.5862603653445517,higher-precipitation
2019-06-29,2019,ALFALFA,0.523614433277429,higher-precipitation
2019-07-04,2019,ALFALFA,0.5322167049128245,higher-precipitation
2019-07-04,2019,ALFALFA,0.5732618616261177,higher-precipitation
2019-07-09,2019,ALFALFA,0.5199425009854874,higher-precipitation
2019-07-09,2019,ALFALFA,0.5737609295679347,higher-precipitation
2019-07-14,2019,ALFALFA,0.5239361597026595,higher-precipitation
2019-07-14,2019,ALFALFA,0.5697643089691421,higher-precipitation
2019-07-19,2019,ALFALFA,0.5311009746739243,higher-precipitation
2019-07-19,2019,ALFALFA,0.5746996205573873,higher-precipitation
2019-07-24,2019,ALFALFA,0.5355286488629718,higher-precipitation
2019-07-24,2019,ALFALFA,0.5915816968507541,higher-precipitation
2019-07-29,2019,ALFALFA,0.5452499762002363,higher-precipitation
2019-07-29,2019,ALFALFA,0.5980549174175054,higher-precipitation
2019-08-03,2019,ALFALFA,0.5327475896603937,higher-precipitation
2019-08-03,2019,ALFALFA,0.5852034930412667,higher-precipitation
2019-08-08,2019,ALFALFA,0.5535616319696965,higher-precipitation
2019-08-08,2019,ALFALFA,0.597826112760664,higher-precipitation
2019-08-13,2019,ALFALFA,0.5588908791018273,higher-precipitation
2019-08-13,2019,ALFALFA,0.5960721489477679,higher-precipitation
2019-08-18,2019,ALFALFA,0.5634333632971891,higher-precipitation
2019-08-18,2019,ALFALFA,0.5883428552052159,higher-precipitation
2019-08-23,2019,ALFALFA,0.5721349073287108,higher-precipitation
2019-08-23,2019,ALFALFA,0.5984081746312973,higher-precipitation
2019-08-28,2019,ALFALFA,0.4994120953191059,higher-precipitation
2019-08-28,2019,ALFALFA,0.5731205586868013,higher-precipitation
2019-09-02,2019,ALFALFA,0.552348153524479,higher-precipitation
2019-09-02,2019,ALFALFA,0.5975492750452812,higher-precipitation
2019-09-12,2019,ALFALFA,0.5538547008945452,higher-precipitation
2019-09-12,2019,ALFALFA,0.5938000514649877,higher-precipitation
2019-09-17,2019,ALFALFA,0.5767439395081535,higher-precipitation
2019-09-17,2019,ALFALFA,0.6131435698523106,higher-precipitation
2019-09-27,2019,ALFALFA,0.5795636210763506,higher-precipitation
2019-10-02,2019,ALFALFA,0.5351651326272747,higher-precipitation
2019-10-02,2019,ALFALFA,0.5948712603792995,higher-precipitation
2019-10-07,2019,ALFALFA,0.4992456013876801,higher-precipitation
2019-10-07,2019,ALFALFA,0.5784329474770715,higher-precipitation
2019-10-07,2019,ALFALFA,0.4449745145843562,higher-precipitation
2019-10-07,2019,ALFALFA,0.5728092123185418,higher-precipitation
2019-10-12,2019,ALFALFA,0.4745765029643938,higher-precipitation
2019-10-12,2019,ALFALFA,0.5768209136132358,higher-precipitation
2019-10-17,2019,ALFALFA,0.4718254935697702,higher-precipitation
2019-10-17,2019,ALFALFA,0.538133344459008,higher-precipitation
2019-10-22,2019,ALFALFA,0.4627562272761663,higher-precipitation
2019-10-22,2019,ALFALFA,0.5435148728233689,higher-precipitation
2019-10-27,2019,ALFALFA,0.4402055497849824,higher-precipitation
2019-10-27,2019,ALFALFA,0.5098817795848217,higher-precipitation
2019-11-01,2019,ALFALFA,0.4366826840271089,higher-precipitation
2019-11-01,2019,ALFALFA,0.5060305491089356,higher-precipitation
2019-11-06,2019,ALFALFA,0.4191510706235863,higher-precipitation
2019-11-06,2019,ALFALFA,0.4783303929622488,higher-precipitation
2019-11-11,2019,ALFALFA,0.4500868802886303,higher-precipitation
2019-11-16,2019,ALFALFA,0.4232500777730892,higher-precipitation
2019-11-16,2019,ALFALFA,0.482491251141103,higher-precipitation
2019-11-21,2019,ALFALFA,0.3950443229935725,higher-precipitation
2019-11-21,2019,ALFALFA,0.4508100395107609,higher-precipitation
2019-12-06,2019,ALFALFA,0.4937466864035081,higher-precipitation
2019-12-16,2019,ALFALFA,0.4864857140744256,higher-precipitation
2019-12-16,2019,ALFALFA,0.5384027780102911,higher-precipitation
2019-12-26,2019,ALFALFA,0.5057244106819314,higher-precipitation
2019-12-26,2019,ALFALFA,0.5704792818239461,higher-precipitation
2020-01-05,2020,ALFALFA,0.5601610607762392,lower-precipitation
2020-01-05,2020,ALFALFA,0.5754290670286973,lower-precipitation
2020-01-10,2020,ALFALFA,0.5839611483992182,lower-precipitation
2020-01-10,2020,ALFALFA,0.5801255720170733,lower-precipitation
2020-02-04,2020,ALFALFA,0.6308631212965755,lower-precipitation
2020-02-09,2020,ALFALFA,0.6375502500473883,lower-precipitation
2020-02-09,2020,ALFALFA,0.6210590670761785,lower-precipitation
2020-02-19,2020,ALFALFA,0.6349989109841566,lower-precipitation
2020-02-19,2020,ALFALFA,0.6212377913657099,lower-precipitation
2020-02-24,2020,ALFALFA,0.6359904035002495,lower-precipitation
2020-02-24,2020,ALFALFA,0.6288743217749675,lower-precipitation
2020-02-29,2020,ALFALFA,0.6477361513449226,lower-precipitation
2020-02-29,2020,ALFALFA,0.6424840177440542,lower-precipitation
2020-03-05,2020,ALFALFA,0.6323323880699961,lower-precipitation
2020-03-10,2020,ALFALFA,0.6474516936023594,lower-precipitation
2020-03-10,2020,ALFALFA,0.663579396253699,lower-precipitation
2020-03-20,2020,ALFALFA,0.6151895120915141,lower-precipitation
2020-03-20,2020,ALFALFA,0.6465119312255021,lower-precipitation
2020-03-25,2020,ALFALFA,0.6548299597655509,lower-precipitation
2020-03-25,2020,ALFALFA,0.7001622344476583,lower-precipitation
2020-03-30,2020,ALFALFA,0.6402871963333263,lower-precipitation
2020-04-14,2020,ALFALFA,0.6711583532492319,lower-precipitation
2020-04-14,2020,ALFALFA,0.7218690430690968,lower-precipitation
2020-04-19,2020,ALFALFA,0.6358299751625104,lower-precipitation
2020-04-24,2020,ALFALFA,0.6000891100840325,lower-precipitation
2020-04-24,2020,ALFALFA,0.6444475588033675,lower-precipitation
2020-05-04,2020,ALFALFA,0.5749746218695589,lower-precipitation
2020-05-04,2020,ALFALFA,0.6184621602202475,lower-precipitation
2020-05-09,2020,ALFALFA,0.5688636789921889,lower-precipitation
2020-05-09,2020,ALFALFA,0.6101944285918404,lower-precipitation
2020-05-09,2020,ALFALFA,0.5583009650220243,lower-precipitation
2020-05-09,2020,ALFALFA,0.6247915351195303,lower-precipitation
2020-05-19,2020,ALFALFA,0.6269487914208537,lower-precipitation
2020-05-24,2020,ALFALFA,0.5856167356121468,lower-precipitation
2020-05-24,2020,ALFALFA,0.613838960362059,lower-precipitation
2020-05-29,2020,ALFALFA,0.5846532974469978,lower-precipitation
2020-06-03,2020,ALFALFA,0.5574129557863658,lower-precipitation
2020-06-03,2020,ALFALFA,0.5745042443302898,lower-precipitation
2020-06-08,2020,ALFALFA,0.5541598598404703,lower-precipitation
2020-06-08,2020,ALFALFA,0.5827951160016386,lower-precipitation
2020-06-13,2020,ALFALFA,0.5233192201670551,lower-precipitation
2020-06-13,2020,ALFALFA,0.5846850419648913,lower-precipitation
2020-06-18,2020,ALFALFA,0.572216262011521,lower-precipitation
2020-06-18,2020,ALFALFA,0.595351456010771,lower-precipitation
2020-06-23,2020,ALFALFA,0.5727590505255576,lower-precipitation
2020-06-23,2020,ALFALFA,0.5835340260820139,lower-precipitation
2020-06-28,2020,ALFALFA,0.5611144565296263,lower-precipitation
2020-06-28,2020,ALFALFA,0.5765232684303389,lower-precipitation
2020-07-03,2020,ALFALFA,0.5556041097064272,lower-precipitation
2020-07-03,2020,ALFALFA,0.5782125063966724,lower-precipitation
2020-07-08,2020,ALFALFA,0.5511151125284048,lower-precipitation
2020-07-08,2020,ALFALFA,0.5777911738305489,lower-precipitation
2020-07-13,2020,ALFALFA,0.5631477154675216,lower-precipitation
2020-07-13,2020,ALFALFA,0.5788584894503298,lower-precipitation
2020-07-18,2020,ALFALFA,0.5586263990910775,lower-precipitation
2020-07-18,2020,ALFALFA,0.5741930280915677,lower-precipitation
2020-07-23,2020,ALFALFA,0.5626393957042696,lower-precipitation
2020-07-23,2020,ALFALFA,0.5726412956995659,lower-precipitation
2020-07-28,2020,ALFALFA,0.5945389583639956,lower-precipitation
2020-07-28,2020,ALFALFA,0.5841670173613036,lower-precipitation
2020-08-02,2020,ALFALFA,0.5768713188798986,lower-precipitation
2020-08-02,2020,ALFALFA,0.5956914129410472,lower-precipitation
2020-08-07,2020,ALFALFA,0.5759370395587547,lower-precipitation
2020-08-07,2020,ALFALFA,0.5869691681343696,lower-precipitation
2020-08-12,2020,ALFALFA,0.5646567938629369,lower-precipitation
2020-08-12,2020,ALFALFA,0.5876286292349728,lower-precipitation
2020-08-17,2020,ALFALFA,0.5472684174510315,lower-precipitation
2020-08-22,2020,ALFALFA,0.501379493754527,lower-precipitation
2020-08-22,2020,ALFALFA,0.5130470360357006,lower-precipitation
2020-08-27,2020,ALFALFA,0.5715003183703515,lower-precipitation
2020-08-27,2020,ALFALFA,0.6040513983585208,lower-precipitation
2020-09-01,2020,ALFALFA,0.5193914952374772,lower-precipitation
2020-09-01,2020,ALFALFA,0.4645811661886321,lower-precipitation
2020-09-06,2020,ALFALFA,0.4917006721091158,lower-precipitation
2020-09-06,2020,ALFALFA,0.5505992058421555,lower-precipitation
2020-09-11,2020,ALFALFA,0.4590763359707378,lower-precipitation
2020-09-11,2020,ALFALFA,0.4726169762490025,lower-precipitation
2020-09-16,2020,ALFALFA,0.5702925840571798,lower-precipitation
2020-09-16,2020,ALFALFA,0.6305462466115673,lower-precipitation
2020-09-21,2020,ALFALFA,0.5551271680895196,lower-precipitation
2020-09-21,2020,ALFALFA,0.637994031886577,lower-precipitation
2020-09-26,2020,ALFALFA,0.4995734560584126,lower-precipitation
2020-09-26,2020,ALFALFA,0.5616158004486402,lower-precipitation
2020-10-01,2020,ALFALFA,0.4286980335933662,lower-precipitation
2020-10-01,2020,ALFALFA,0.3579498404120437,lower-precipitation
2020-10-06,2020,ALFALFA,0.5271845786490231,lower-precipitation
2020-10-06,2020,ALFALFA,0.5389801299481142,lower-precipitation
2020-10-11,2020,ALFALFA,0.5300541037924092,lower-precipitation
2020-10-11,2020,ALFALFA,0.5663673255267263,lower-precipitation
2020-10-16,2020,ALFALFA,0.4894297420586881,lower-precipitation
2020-10-16,2020,ALFALFA,0.5934404824027815,lower-precipitation
2020-10-21,2020,ALFALFA,0.4890368721204988,lower-precipitation
2020-10-21,2020,ALFALFA,0.5515248059799438,lower-precipitation
2020-10-26,2020,ALFALFA,0.4878769368743421,lower-precipitation
2020-10-26,2020,ALFALFA,0.5351023478542001,lower-precipitation
2020-10-31,2020,ALFALFA,0.475719448517204,lower-precipitation
2020-10-31,2020,ALFALFA,0.5123859856996906,lower-precipitation
2020-11-05,2020,ALFALFA,0.4895956751946311,lower-precipitation
2020-11-05,2020,ALFALFA,0.5246631018882887,lower-precipitation
2020-11-10,2020,ALFALFA,0.4977720747945049,lower-precipitation
2020-11-10,2020,ALFALFA,0.5105649158375164,lower-precipitation
2020-11-15,2020,ALFALFA,0.5013862743106261,lower-precipitation
2020-11-15,2020,ALFALFA,0.5059478203646722,lower-precipitation
2020-11-20,2020,ALFALFA,0.4930421070788446,lower-precipitation
2020-11-20,2020,ALFALFA,0.4929010340974417,lower-precipitation
2020-11-25,2020,ALFALFA,0.491348272412949,lower-precipitation
2020-11-25,2020,ALFALFA,0.4983569729974874,lower-precipitation
2020-11-30,2020,ALFALFA,0.4665774745048124,lower-precipitation
2020-11-30,2020,ALFALFA,0.4556155135651103,lower-precipitation
2020-12-05,2020,ALFALFA,0.3892858366468419,lower-precipitation
2020-12-05,2020,ALFALFA,0.4161112651999194,lower-precipitation
2020-12-10,2020,ALFALFA,0.4433765418915183,lower-precipitation
2020-12-10,2020,ALFALFA,0.4314085983311829,lower-precipitation
2020-12-15,2020,ALFALFA,0.3647015941329885,lower-precipitation
2020-12-20,2020,ALFALFA,0.3789442700441639,lower-precipitation
2020-12-20,2020,ALFALFA,0.209523162312383,lower-precipitation
2020-12-30,2020,ALFALFA,0.4291386094041557,lower-precipitation
2020-12-30,2020,ALFALFA,0.4230368956665974,lower-precipitation
2021-01-09,2021,ALFALFA,0.4680246731845802,higher-precipitation
2021-01-09,2021,ALFALFA,0.4351314628683775,higher-precipitation
2021-01-14,2021,ALFALFA,0.4056224390883302,higher-precipitation
2021-01-14,2021,ALFALFA,0.2004413403863328,higher-precipitation
2021-01-19,2021,ALFALFA,0.5107477413450255,higher-precipitation
2021-01-19,2021,ALFALFA,0.4756534047765073,higher-precipitation
2021-01-29,2021,ALFALFA,0.4077630662535721,higher-precipitation
2021-02-08,2021,ALFALFA,0.5503312936492218,higher-precipitation
2021-02-13,2021,ALFALFA,0.6509388717721125,higher-precipitation
2021-02-13,2021,ALFALFA,0.5827578341274504,higher-precipitation
2021-02-23,2021,ALFALFA,0.674811651298769,higher-precipitation
2021-02-23,2021,ALFALFA,0.6142846802864159,higher-precipitation
2021-02-28,2021,ALFALFA,0.6781731575246261,higher-precipitation
2021-02-28,2021,ALFALFA,0.6107515470263847,higher-precipitation
2021-03-05,2021,ALFALFA,0.64347238397027,higher-precipitation
2021-03-05,2021,ALFALFA,0.5845276037692424,higher-precipitation
2021-03-15,2021,ALFALFA,0.6525422500810413,higher-precipitation
2021-03-20,2021,ALFALFA,0.6875420968416341,higher-precipitation
2021-03-20,2021,ALFALFA,0.6644396926915795,higher-precipitation
2021-03-25,2021,ALFALFA,0.6678896936006521,higher-precipitation
2021-03-25,2021,ALFALFA,0.6247199930169602,higher-precipitation
2021-03-30,2021,ALFALFA,0.6467297942737938,higher-precipitation
2021-03-30,2021,ALFALFA,0.6500171771139089,higher-precipitation
2021-04-09,2021,ALFALFA,0.6104391062235741,higher-precipitation
2021-04-09,2021,ALFALFA,0.6446922598888888,higher-precipitation
2021-04-14,2021,ALFALFA,0.6108168540854148,higher-precipitation
2021-04-14,2021,ALFALFA,0.6284342769757104,higher-precipitation
2021-04-19,2021,ALFALFA,0.622803943668964,higher-precipitation
2021-04-19,2021,ALFALFA,0.6273594633277598,higher-precipitation
2021-04-24,2021,ALFALFA,0.617229461449936,higher-precipitation
2021-04-24,2021,ALFALFA,0.5915286162304124,higher-precipitation
2021-04-29,2021,ALFALFA,0.6222296834594551,higher-precipitation
2021-04-29,2021,ALFALFA,0.6220731077774285,higher-precipitation
2021-05-04,2021,ALFALFA,0.5761638933026487,higher-precipitation
2021-05-04,2021,ALFALFA,0.5956040417496795,higher-precipitation
2021-05-09,2021,ALFALFA,0.5222324982976814,higher-precipitation
2021-05-09,2021,ALFALFA,0.5528489519717938,higher-precipitation
2021-05-14,2021,ALFALFA,0.5084332415516475,higher-precipitation
2021-05-14,2021,ALFALFA,0.55575503699688,higher-precipitation
2021-05-19,2021,ALFALFA,0.5241900499930033,higher-precipitation
2021-05-19,2021,ALFALFA,0.5642636347024326,higher-precipitation
2021-05-24,2021,ALFALFA,0.547386665865553,higher-precipitation
2021-05-24,2021,ALFALFA,0.554659764918951,higher-precipitation
2021-05-29,2021,ALFALFA,0.5631629769077086,higher-precipitation
2021-05-29,2021,ALFALFA,0.5669370965718099,higher-precipitation
2021-06-03,2021,ALFALFA,0.559631020332472,higher-precipitation
2021-06-03,2021,ALFALFA,0.5652384989789023,higher-precipitation
2021-06-08,2021,ALFALFA,0.5532222929264888,higher-precipitation
2021-06-08,2021,ALFALFA,0.567873409303443,higher-precipitation
2021-06-13,2021,ALFALFA,0.5254009650326682,higher-precipitation
2021-06-13,2021,ALFALFA,0.5594084369183584,higher-precipitation
2021-06-18,2021,ALFALFA,0.5028320847836608,higher-precipitation
2021-06-18,2021,ALFALFA,0.554457786827646,higher-precipitation
2021-06-23,2021,ALFALFA,0.5266560290694343,higher-precipitation
2021-06-23,2021,ALFALFA,0.5626124464195971,higher-precipitation
2021-06-28,2021,ALFALFA,0.5523650956027161,higher-precipitation
2021-06-28,2021,ALFALFA,0.5720608939223484,higher-precipitation
2021-07-08,2021,ALFALFA,0.5719988528138196,higher-precipitation
2021-07-08,2021,ALFALFA,0.5802313645788506,higher-precipitation
2021-07-13,2021,ALFALFA,0.5635931094486644,higher-precipitation
2021-07-13,2021,ALFALFA,0.5781404697337722,higher-precipitation
2021-07-18,2021,ALFALFA,0.5407469106103419,higher-precipitation
2021-07-18,2021,ALFALFA,0.5640342468791991,higher-precipitation
2021-07-23,2021,ALFALFA,0.5396934534612828,higher-precipitation
2021-07-23,2021,ALFALFA,0.5624113425728141,higher-precipitation
2021-07-28,2021,ALFALFA,0.5340009168180335,higher-precipitation
2021-08-02,2021,ALFALFA,0.5632090558226318,higher-precipitation
2021-08-02,2021,ALFALFA,0.5818653147715681,higher-precipitation
2021-08-07,2021,ALFALFA,0.27337160329132,higher-precipitation
2021-08-07,2021,ALFALFA,0.3202711570764305,higher-precipitation
2021-08-12,2021,ALFALFA,0.4262728603423253,higher-precipitation
2021-08-12,2021,ALFALFA,0.4847880682584282,higher-precipitation
2021-08-17,2021,ALFALFA,0.3770253254666979,higher-precipitation
2021-08-17,2021,ALFALFA,0.2877962937695931,higher-precipitation
2021-08-22,2021,ALFALFA,0.6053387478453118,higher-precipitation
2021-08-22,2021,ALFALFA,0.5982821390254212,higher-precipitation
2021-08-27,2021,ALFALFA,0.4911682206678844,higher-precipitation
2021-08-27,2021,ALFALFA,0.4511613519551375,higher-precipitation
2021-09-01,2021,ALFALFA,0.6081392038896521,higher-precipitation
2021-09-01,2021,ALFALFA,0.5947114363466997,higher-precipitation
2021-09-06,2021,ALFALFA,0.5261083604838882,higher-precipitation
2021-09-06,2021,ALFALFA,0.5877495251567325,higher-precipitation
2021-09-11,2021,ALFALFA,0.5810104302619119,higher-precipitation
2021-09-11,2021,ALFALFA,0.6071305288302746,higher-precipitation
2021-09-16,2021,ALFALFA,0.5734683976651381,higher-precipitation
2021-09-16,2021,ALFALFA,0.5641012481250408,higher-precipitation
2021-09-21,2021,ALFALFA,0.5619467578180248,higher-precipitation
2021-09-21,2021,ALFALFA,0.5859208510604959,higher-precipitation
2021-09-26,2021,ALFALFA,0.5782778650117787,higher-precipitation
2021-09-26,2021,ALFALFA,0.584971098674637,higher-precipitation
2021-10-01,2021,ALFALFA,0.541848872948714,higher-precipitation
2021-10-01,2021,ALFALFA,0.5739894894793415,higher-precipitation
2021-10-11,2021,ALFALFA,0.4748466884875112,higher-precipitation
2021-10-11,2021,ALFALFA,0.5138669156022072,higher-precipitation
2021-10-16,2021,ALFALFA,0.4817314229452193,higher-precipitation
2021-10-16,2021,ALFALFA,0.5353644798994457,higher-precipitation
2021-10-31,2021,ALFALFA,0.6006436708658427,higher-precipitation
2021-11-10,2021,ALFALFA,0.5231066428285808,higher-precipitation
2021-11-20,2021,ALFALFA,0.6943025570644253,higher-precipitation
2021-11-20,2021,ALFALFA,0.6877157484717419,higher-precipitation
2021-11-25,2021,ALFALFA,0.6610672022591649,higher-precipitation
2021-11-25,2021,ALFALFA,0.6375536376665284,higher-precipitation
2021-11-30,2021,ALFALFA,0.6595431195715865,higher-precipitation
2021-11-30,2021,ALFALFA,0.5861973456981032,higher-precipitation
2021-12-05,2021,ALFALFA,0.0391965410169041,higher-precipitation
2021-12-10,2021,ALFALFA,0.6881063405410953,higher-precipitation
2021-12-10,2021,ALFALFA,0.6798438330947301,higher-precipitation
2021-12-15,2021,ALFALFA,0.5948688023606478,higher-precipitation
2021-12-30,2021,ALFALFA,0.5260961542518332,higher-precipitation
2021-12-30,2021,ALFALFA,0.5603561117449489,higher-precipitation
2022-01-09,2022,ALFALFA,0.4693531263447783,lower-precipitation
2022-01-09,2022,ALFALFA,0.4618675798640667,lower-precipitation
2022-01-14,2022,ALFALFA,0.6041805191811517,lower-precipitation
2022-01-14,2022,ALFALFA,0.5943090047333409,lower-precipitation
2022-01-19,2022,ALFALFA,0.5877642883348144,lower-precipitation
2022-01-19,2022,ALFALFA,0.4781816291880786,lower-precipitation
2022-01-24,2022,ALFALFA,0.4436348748942084,lower-precipitation
2022-01-24,2022,ALFALFA,0.5502042292817632,lower-precipitation
2022-01-29,2022,ALFALFA,0.5714098079652958,lower-precipitation
2022-01-29,2022,ALFALFA,0.5761522104415258,lower-precipitation
2022-02-03,2022,ALFALFA,0.526970319611383,lower-precipitation
2022-02-08,2022,ALFALFA,0.5309989718554271,lower-precipitation
2022-02-08,2022,ALFALFA,0.5441080369435282,lower-precipitation
2022-02-13,2022,ALFALFA,0.5296749357417734,lower-precipitation
2022-02-13,2022,ALFALFA,0.5500548964969799,lower-precipitation
2022-02-18,2022,ALFALFA,0.5377478682235021,lower-precipitation
2022-02-18,2022,ALFALFA,0.5481428108906,lower-precipitation
2022-02-23,2022,ALFALFA,0.5463887126392729,lower-precipitation
2022-02-23,2022,ALFALFA,0.5920639731345181,lower-precipitation
2022-02-28,2022,ALFALFA,0.5200031408037286,lower-precipitation
2022-02-28,2022,ALFALFA,0.541832634057715,lower-precipitation
2022-03-10,2022,ALFALFA,0.5377155551862756,lower-precipitation
2022-03-10,2022,ALFALFA,0.5716388227219811,lower-precipitation
2022-03-20,2022,ALFALFA,0.5332041492544479,lower-precipitation
2022-03-20,2022,ALFALFA,0.5805679628543424,lower-precipitation
2022-03-25,2022,ALFALFA,0.5655212526903904,lower-precipitation
2022-03-25,2022,ALFALFA,0.6076362388952303,lower-precipitation
2022-04-04,2022,ALFALFA,0.5105970967344767,lower-precipitation
2022-04-09,2022,ALFALFA,0.6978953334229513,lower-precipitation
2022-04-09,2022,ALFALFA,0.6615816029607227,lower-precipitation
2022-04-24,2022,ALFALFA,0.6758206105700941,lower-precipitation
2022-04-24,2022,ALFALFA,0.6531014030055429,lower-precipitation
2022-05-04,2022,ALFALFA,0.5917966831353547,lower-precipitation
2022-05-04,2022,ALFALFA,0.603780382360697,lower-precipitation
2022-05-09,2022,ALFALFA,0.5377440079609827,lower-precipitation
2022-05-09,2022,ALFALFA,0.5836990088824855,lower-precipitation
2022-05-14,2022,ALFALFA,0.519298702174786,lower-precipitation
2022-05-14,2022,ALFALFA,0.5667387971429545,lower-precipitation
2022-05-19,2022,ALFALFA,0.4842468001668532,lower-precipitation
2022-05-19,2022,ALFALFA,0.5693962688879234,lower-precipitation
2022-05-24,2022,ALFALFA,0.5484795571368024,lower-precipitation
2022-05-24,2022,ALFALFA,0.5772896663843705,lower-precipitation
2022-05-29,2022,ALFALFA,0.5779661811419496,lower-precipitation
2022-05-29,2022,ALFALFA,0.577652489002336,lower-precipitation
2022-06-08,2022,ALFALFA,0.5756728333754485,lower-precipitation
2022-06-08,2022,ALFALFA,0.5670314424949394,lower-precipitation
2022-06-13,2022,ALFALFA,0.5772150759704678,lower-precipitation
2022-06-13,2022,ALFALFA,0.5752429511337327,lower-precipitation
2022-06-18,2022,ALFALFA,0.5452059995167648,lower-precipitation
2022-06-18,2022,ALFALFA,0.5507180974456757,lower-precipitation
2022-06-23,2022,ALFALFA,0.5090567370559748,lower-precipitation
2022-06-23,2022,ALFALFA,0.5383705108003611,lower-precipitation
2022-06-28,2022,ALFALFA,0.5159711902489396,lower-precipitation
2022-06-28,2022,ALFALFA,0.5447913738082228,lower-precipitation
2022-07-08,2022,ALFALFA,0.5525476391033767,lower-precipitation
2022-07-08,2022,ALFALFA,0.5618149666946196,lower-precipitation
2022-07-13,2022,ALFALFA,0.5939372985985185,lower-precipitation
2022-07-13,2022,ALFALFA,0.5808562418849392,lower-precipitation
2022-07-18,2022,ALFALFA,0.5901712949478002,lower-precipitation
2022-07-18,2022,ALFALFA,0.5752853170410254,lower-precipitation
2022-07-23,2022,ALFALFA,0.5740665816677973,lower-precipitation
2022-07-23,2022,ALFALFA,0.5718246011931897,lower-precipitation
2022-07-28,2022,ALFALFA,0.5460711676036702,lower-precipitation
2022-07-28,2022,ALFALFA,0.5475708250865324,lower-precipitation
2022-08-02,2022,ALFALFA,0.5456039930033578,lower-precipitation
2022-08-02,2022,ALFALFA,0.5643414548221821,lower-precipitation
2022-08-07,2022,ALFALFA,0.5634862806414124,lower-precipitation
2022-08-07,2022,ALFALFA,0.578498316837768,lower-precipitation
2022-08-12,2022,ALFALFA,0.5880566905287754,lower-precipitation
2022-08-12,2022,ALFALFA,0.590697840508044,lower-precipitation
2022-08-22,2022,ALFALFA,0.6085770775731278,lower-precipitation
2022-08-22,2022,ALFALFA,0.5861526613923838,lower-precipitation
2022-08-27,2022,ALFALFA,0.6076107285782733,lower-precipitation
2022-08-27,2022,ALFALFA,0.5888353436208974,lower-precipitation
2022-09-01,2022,ALFALFA,0.5914249592466241,lower-precipitation
2022-09-01,2022,ALFALFA,0.5844444691668531,lower-precipitation
2022-09-06,2022,ALFALFA,0.5469778498268112,lower-precipitation
2022-09-06,2022,ALFALFA,0.5710492113530606,lower-precipitation
2022-09-11,2022,ALFALFA,0.5187342264174255,lower-precipitation
2022-09-16,2022,ALFALFA,0.5545067358039347,lower-precipitation
2022-09-16,2022,ALFALFA,0.5798560924755476,lower-precipitation
2022-09-21,2022,ALFALFA,0.4419826742880311,lower-precipitation
2022-09-26,2022,ALFALFA,0.6603897764623057,lower-precipitation
2022-09-26,2022,ALFALFA,0.6268542180199342,lower-precipitation
2022-10-01,2022,ALFALFA,0.6424155080029842,lower-precipitation
2022-10-01,2022,ALFALFA,0.6088647574774579,lower-precipitation
2022-10-06,2022,ALFALFA,0.6118564270882492,lower-precipitation
2022-10-06,2022,ALFALFA,0.5786335681543489,lower-precipitation
2022-10-11,2022,ALFALFA,0.573736110043569,lower-precipitation
2022-10-11,2022,ALFALFA,0.5636745814276972,lower-precipitation
2022-10-16,2022,ALFALFA,0.4578239671007679,lower-precipitation
2022-10-21,2022,ALFALFA,0.5147231385745474,lower-precipitation
2022-10-21,2022,ALFALFA,0.5464561313263431,lower-precipitation
2022-10-26,2022,ALFALFA,0.5150532601074037,lower-precipitation
2022-10-26,2022,ALFALFA,0.5555219991013567,lower-precipitation
2022-11-10,2022,ALFALFA,0.5568362726251255,lower-precipitation
2022-11-10,2022,ALFALFA,0.5673567632857001,lower-precipitation
2022-11-15,2022,ALFALFA,0.5407679894899635,lower-precipitation
2022-11-15,2022,ALFALFA,0.5366572076378432,lower-precipitation
2022-11-20,2022,ALFALFA,0.528961039962602,lower-precipitation
2022-11-20,2022,ALFALFA,0.5065328507440066,lower-precipitation
2022-11-25,2022,ALFALFA,0.5159557428244347,lower-precipitation
2022-11-25,2022,ALFALFA,0.461564351186217,lower-precipitation
2022-11-30,2022,ALFALFA,0.4871691032278482,lower-precipitation
2022-11-30,2022,ALFALFA,0.441500132133013,lower-precipitation
2022-12-05,2022,ALFALFA,0.5227361600777514,lower-precipitation
2022-12-05,2022,ALFALFA,0.4456919227032049,lower-precipitation
2022-12-15,2022,ALFALFA,0.508926396523112,lower-precipitation
2022-12-15,2022,ALFALFA,0.4997672493065613,lower-precipitation
2022-12-20,2022,ALFALFA,0.4265432775922265,lower-precipitation
2018-01-20,2018,ALMOND,0.4775236632274443,higher-precipitation
2018-01-20,2018,ALMOND,0.472692736913431,higher-precipitation
2018-01-25,2018,ALMOND,0.3963556656960888,higher-precipitation
2018-01-25,2018,ALMOND,0.4114819506905768,higher-precipitation
2018-02-09,2018,ALMOND,0.4545667573763645,higher-precipitation
2018-02-09,2018,ALMOND,0.465202750922795,higher-precipitation
2018-02-19,2018,ALMOND,0.4169829956397104,higher-precipitation
2018-02-19,2018,ALMOND,0.4272282576563752,higher-precipitation
2018-03-06,2018,ALMOND,0.4441874483114222,higher-precipitation
2018-03-06,2018,ALMOND,0.4495704102393658,higher-precipitation
2018-03-11,2018,ALMOND,0.4920317726672237,higher-precipitation
2018-03-11,2018,ALMOND,0.4979017574449113,higher-precipitation
2018-03-26,2018,ALMOND,0.616942145431109,higher-precipitation
2018-03-26,2018,ALMOND,0.5985277361977254,higher-precipitation
2018-03-31,2018,ALMOND,0.6319049015469554,higher-precipitation
2018-04-15,2018,ALMOND,0.6056687252540005,higher-precipitation
2018-04-15,2018,ALMOND,0.5638824559799938,higher-precipitation
2018-04-20,2018,ALMOND,0.619894406510342,higher-precipitation
2018-04-20,2018,ALMOND,0.5807954911024636,higher-precipitation
2018-04-20,2018,ALMOND,0.6086409433912824,higher-precipitation
2018-04-20,2018,ALMOND,0.5207160197981262,higher-precipitation
2018-04-25,2018,ALMOND,0.614192506523922,higher-precipitation
2018-04-25,2018,ALMOND,0.5568937885388434,higher-precipitation
2018-05-15,2018,ALMOND,0.5737834172650624,higher-precipitation
2018-05-15,2018,ALMOND,0.517275145793101,higher-precipitation
2018-05-20,2018,ALMOND,0.572230535302075,higher-precipitation
2018-05-20,2018,ALMOND,0.5640135308289785,higher-precipitation
2018-05-30,2018,ALMOND,0.5405850777177854,higher-precipitation
2018-06-04,2018,ALMOND,0.5448573832591644,higher-precipitation
2018-06-04,2018,ALMOND,0.5131664706377629,higher-precipitation
2018-06-09,2018,ALMOND,0.52232924283638,higher-precipitation
2018-06-14,2018,ALMOND,0.5385965944154578,higher-precipitation
2018-06-14,2018,ALMOND,0.4980069674498189,higher-precipitation
2018-06-19,2018,ALMOND,0.5374868582315909,higher-precipitation
2018-06-19,2018,ALMOND,0.4968856974610919,higher-precipitation
2018-06-24,2018,ALMOND,0.534076824994418,higher-precipitation
2018-06-24,2018,ALMOND,0.497146717739025,higher-precipitation
2018-06-29,2018,ALMOND,0.5292057646075594,higher-precipitation
2018-06-29,2018,ALMOND,0.496349734205033,higher-precipitation
2018-07-04,2018,ALMOND,0.5595415373155854,higher-precipitation
2018-07-04,2018,ALMOND,0.5067960550457227,higher-precipitation
2018-07-09,2018,ALMOND,0.5338273063343264,higher-precipitation
2018-07-09,2018,ALMOND,0.4979494045608528,higher-precipitation
2018-07-14,2018,ALMOND,0.5237360994113697,higher-precipitation
2018-07-14,2018,ALMOND,0.4865676018992869,higher-precipitation
2018-07-19,2018,ALMOND,0.5273968527567313,higher-precipitation
2018-07-19,2018,ALMOND,0.504673980890999,higher-precipitation
2018-07-24,2018,ALMOND,0.5257542081051388,higher-precipitation
2018-07-24,2018,ALMOND,0.494246179610561,higher-precipitation
2018-07-29,2018,ALMOND,0.4576839093787039,higher-precipitation
2018-07-29,2018,ALMOND,0.3937640421328617,higher-precipitation
2018-08-03,2018,ALMOND,0.3675466450235225,higher-precipitation
2018-08-03,2018,ALMOND,0.3549825995436353,higher-precipitation
2018-08-08,2018,ALMOND,0.3999571036853341,higher-precipitation
2018-08-08,2018,ALMOND,0.4355905831488017,higher-precipitation
2018-08-13,2018,ALMOND,0.5176889183421999,higher-precipitation
2018-08-13,2018,ALMOND,0.4979620336485012,higher-precipitation
2018-08-18,2018,ALMOND,0.5526292929092612,higher-precipitation
2018-08-18,2018,ALMOND,0.5003827323337606,higher-precipitation
2018-08-23,2018,ALMOND,0.5584547096893758,higher-precipitation
2018-08-23,2018,ALMOND,0.4783278498922954,higher-precipitation
2018-08-28,2018,ALMOND,0.511277920926081,higher-precipitation
2018-08-28,2018,ALMOND,0.4722032805568737,higher-precipitation
2018-09-02,2018,ALMOND,0.5011980120970694,higher-precipitation
2018-09-02,2018,ALMOND,0.4538993067248872,higher-precipitation
2018-09-07,2018,ALMOND,0.4907675470726255,higher-precipitation
2018-09-07,2018,ALMOND,0.4638659089359602,higher-precipitation
2018-09-17,2018,ALMOND,0.4817565275710117,higher-precipitation
2018-09-17,2018,ALMOND,0.4625873967474619,higher-precipitation
2018-09-22,2018,ALMOND,0.4726294903574915,higher-precipitation
2018-09-22,2018,ALMOND,0.4470733147597056,higher-precipitation
2018-09-27,2018,ALMOND,0.4685693736211344,higher-precipitation
2018-09-27,2018,ALMOND,0.4285201278053077,higher-precipitation
2018-10-02,2018,ALMOND,0.4544766975286655,higher-precipitation
2018-10-07,2018,ALMOND,0.5185026846644532,higher-precipitation
2018-10-07,2018,ALMOND,0.48498119239099,higher-precipitation
2018-10-12,2018,ALMOND,0.5062929532335008,higher-precipitation
2018-10-12,2018,ALMOND,0.4738790213346792,higher-precipitation
2018-10-17,2018,ALMOND,0.4987448703526332,higher-precipitation
2018-10-17,2018,ALMOND,0.4624287336288662,higher-precipitation
2018-10-22,2018,ALMOND,0.5058838660229684,higher-precipitation
2018-10-22,2018,ALMOND,0.4709982393390493,higher-precipitation
2018-10-27,2018,ALMOND,0.4378147514889847,higher-precipitation
2018-11-01,2018,ALMOND,0.4774344749857194,higher-precipitation
2018-11-01,2018,ALMOND,0.4618177490223166,higher-precipitation
2018-11-06,2018,ALMOND,0.4977511800722202,higher-precipitation
2018-11-06,2018,ALMOND,0.4724383399698932,higher-precipitation
2018-11-11,2018,ALMOND,0.4290946193383556,higher-precipitation
2018-11-11,2018,ALMOND,0.3327477221643589,higher-precipitation
2018-11-16,2018,ALMOND,0.242972351866366,higher-precipitation
2018-11-16,2018,ALMOND,0.217001709925297,higher-precipitation
2018-12-01,2018,ALMOND,0.5051298322867778,higher-precipitation
2018-12-06,2018,ALMOND,0.5052122698102769,higher-precipitation
2018-12-06,2018,ALMOND,0.4850630019768888,higher-precipitation
2018-12-11,2018,ALMOND,0.4668285548171169,higher-precipitation
2018-12-11,2018,ALMOND,0.3462159438482775,higher-precipitation
2018-12-26,2018,ALMOND,0.4884230309035131,higher-precipitation
2018-12-26,2018,ALMOND,0.4799100134310032,higher-precipitation
2019-01-10,2019,ALMOND,0.2662636075154348,higher-precipitation
2019-01-10,2019,ALMOND,0.0651596766024515,higher-precipitation
2019-01-25,2019,ALMOND,0.4781516549935399,higher-precipitation
2019-01-25,2019,ALMOND,0.4628539703538377,higher-precipitation
2019-01-30,2019,ALMOND,0.1830438680126823,higher-precipitation
2019-01-30,2019,ALMOND,0.3303593673452803,higher-precipitation
2019-02-19,2019,ALMOND,0.4843052438316446,higher-precipitation
2019-02-19,2019,ALMOND,0.4814390802770103,higher-precipitation
2019-03-11,2019,ALMOND,0.4932046601141433,higher-precipitation
2019-03-11,2019,ALMOND,0.4776985976699414,higher-precipitation
2019-03-16,2019,ALMOND,0.5055174997991351,higher-precipitation
2019-03-16,2019,ALMOND,0.4860594363447691,higher-precipitation
2019-03-21,2019,ALMOND,0.5788909927654754,higher-precipitation
2019-03-21,2019,ALMOND,0.5572855432976378,higher-precipitation
2019-03-31,2019,ALMOND,0.6509540666426279,higher-precipitation
2019-03-31,2019,ALMOND,0.6220242849083137,higher-precipitation
2019-04-10,2019,ALMOND,0.6225186046808151,higher-precipitation
2019-04-10,2019,ALMOND,0.6376247720309507,higher-precipitation
2019-04-20,2019,ALMOND,0.6087392649265518,higher-precipitation
2019-04-20,2019,ALMOND,0.624544015367398,higher-precipitation
2019-04-25,2019,ALMOND,0.5859946854055749,higher-precipitation
2019-04-25,2019,ALMOND,0.5947053521894743,higher-precipitation
2019-04-30,2019,ALMOND,0.5266904821744355,higher-precipitation
2019-05-05,2019,ALMOND,0.5584464266037147,higher-precipitation
2019-05-05,2019,ALMOND,0.5688721367439342,higher-precipitation
2019-05-10,2019,ALMOND,0.5586292861659031,higher-precipitation
2019-05-10,2019,ALMOND,0.561001441356229,higher-precipitation
2019-05-25,2019,ALMOND,0.5089128605509161,higher-precipitation
2019-05-25,2019,ALMOND,0.5635586775873853,higher-precipitation
2019-05-30,2019,ALMOND,0.5578039966489299,higher-precipitation
2019-05-30,2019,ALMOND,0.5753590299183607,higher-precipitation
2019-06-04,2019,ALMOND,0.5498561392267127,higher-precipitation
2019-06-04,2019,ALMOND,0.573430338795573,higher-precipitation
2019-06-09,2019,ALMOND,0.520728329236705,higher-precipitation
2019-06-09,2019,ALMOND,0.5583069126332162,higher-precipitation
2019-06-14,2019,ALMOND,0.52420046661361,higher-precipitation
2019-06-14,2019,ALMOND,0.5553272109513403,higher-precipitation
2019-06-19,2019,ALMOND,0.5198161781331375,higher-precipitation
2019-06-19,2019,ALMOND,0.5538957244453645,higher-precipitation
2019-06-24,2019,ALMOND,0.5196552183044478,higher-precipitation
2019-06-24,2019,ALMOND,0.5739214597665023,higher-precipitation
2019-06-29,2019,ALMOND,0.522338910041911,higher-precipitation
2019-07-04,2019,ALMOND,0.5158679060177278,higher-precipitation
2019-07-04,2019,ALMOND,0.5407270261536289,higher-precipitation
2019-07-09,2019,ALMOND,0.5074010930485363,higher-precipitation
2019-07-09,2019,ALMOND,0.47154738844638,higher-precipitation
2019-07-14,2019,ALMOND,0.5194085903089037,higher-precipitation
2019-07-14,2019,ALMOND,0.5464240561125061,higher-precipitation
2019-07-19,2019,ALMOND,0.5119432610506477,higher-precipitation
2019-07-19,2019,ALMOND,0.5429123561338489,higher-precipitation
2019-07-24,2019,ALMOND,0.5033781982827823,higher-precipitation
2019-07-24,2019,ALMOND,0.5375747529874164,higher-precipitation
2019-07-29,2019,ALMOND,0.5078115068931245,higher-precipitation
2019-07-29,2019,ALMOND,0.541688194300455,higher-precipitation
2019-08-03,2019,ALMOND,0.4996822890692753,higher-precipitation
2019-08-03,2019,ALMOND,0.5343681411207646,higher-precipitation
2019-08-08,2019,ALMOND,0.5000403278548687,higher-precipitation
2019-08-08,2019,ALMOND,0.5324482342654137,higher-precipitation
2019-08-13,2019,ALMOND,0.4959834370410308,higher-precipitation
2019-08-13,2019,ALMOND,0.526341686158581,higher-precipitation
2019-08-18,2019,ALMOND,0.4965306435650085,higher-precipitation
2019-08-18,2019,ALMOND,0.5220105536096395,higher-precipitation
2019-08-23,2019,ALMOND,0.4826022428448765,higher-precipitation
2019-08-23,2019,ALMOND,0.5062254871438456,higher-precipitation
2019-08-28,2019,ALMOND,0.4204277091956254,higher-precipitation
2019-08-28,2019,ALMOND,0.4686458994793842,higher-precipitation
2019-09-02,2019,ALMOND,0.4580999598454173,higher-precipitation
2019-09-02,2019,ALMOND,0.4885925799639296,higher-precipitation
2019-09-12,2019,ALMOND,0.4628074306123621,higher-precipitation
2019-09-12,2019,ALMOND,0.4841849305474687,higher-precipitation
2019-09-17,2019,ALMOND,0.4841703739380393,higher-precipitation
2019-09-17,2019,ALMOND,0.5102345975436287,higher-precipitation
2019-09-27,2019,ALMOND,0.4815601007135697,higher-precipitation
2019-10-02,2019,ALMOND,0.4718386126085495,higher-precipitation
2019-10-02,2019,ALMOND,0.4985792050271487,higher-precipitation
2019-10-07,2019,ALMOND,0.4628900731769663,higher-precipitation
2019-10-07,2019,ALMOND,0.5081240620274016,higher-precipitation
2019-10-07,2019,ALMOND,0.3330944873031113,higher-precipitation
2019-10-07,2019,ALMOND,0.4150121027640082,higher-precipitation
2019-10-12,2019,ALMOND,0.4601566157487177,higher-precipitation
2019-10-12,2019,ALMOND,0.5157283798727021,higher-precipitation
2019-10-17,2019,ALMOND,0.4688645068977365,higher-precipitation
2019-10-17,2019,ALMOND,0.4812732061578509,higher-precipitation
2019-10-22,2019,ALMOND,0.4694559064937372,higher-precipitation
2019-10-22,2019,ALMOND,0.4872069838400037,higher-precipitation
2019-10-27,2019,ALMOND,0.4579536150119456,higher-precipitation
2019-10-27,2019,ALMOND,0.4690470235933789,higher-precipitation
2019-11-01,2019,ALMOND,0.4617734450414935,higher-precipitation
2019-11-01,2019,ALMOND,0.467181017627249,higher-precipitation
2019-11-06,2019,ALMOND,0.4455620747481683,higher-precipitation
2019-11-06,2019,ALMOND,0.4398292971240526,higher-precipitation
2019-11-11,2019,ALMOND,0.3299274663225449,higher-precipitation
2019-11-16,2019,ALMOND,0.4460845147093902,higher-precipitation
2019-11-16,2019,ALMOND,0.442342819153092,higher-precipitation
2019-11-21,2019,ALMOND,0.411815945973466,higher-precipitation
2019-11-21,2019,ALMOND,0.4078644583328661,higher-precipitation
2019-12-06,2019,ALMOND,0.4377375479257014,higher-precipitation
2019-12-16,2019,ALMOND,0.5058478122886931,higher-precipitation
2019-12-16,2019,ALMOND,0.5202451563319955,higher-precipitation
2019-12-26,2019,ALMOND,0.4971575526834617,higher-precipitation
2019-12-26,2019,ALMOND,0.5140555735299228,higher-precipitation
2020-01-05,2020,ALMOND,0.4578731347670681,lower-precipitation
2020-01-05,2020,ALMOND,0.4553491426173698,lower-precipitation
2020-01-10,2020,ALMOND,0.4753648408459088,lower-precipitation
2020-01-10,2020,ALMOND,0.4570737800104564,lower-precipitation
2020-02-04,2020,ALMOND,0.5260267904331275,lower-precipitation
2020-02-09,2020,ALMOND,0.4601883178759391,lower-precipitation
2020-02-09,2020,ALMOND,0.5051490028968152,lower-precipitation
2020-02-19,2020,ALMOND,0.4194658396718179,lower-precipitation
2020-02-19,2020,ALMOND,0.4749476109373319,lower-precipitation
2020-02-24,2020,ALMOND,0.4189484191520863,lower-precipitation
2020-02-24,2020,ALMOND,0.4670226956664262,lower-precipitation
2020-02-29,2020,ALMOND,0.469675313775604,lower-precipitation
2020-02-29,2020,ALMOND,0.4733919312582732,lower-precipitation
2020-03-05,2020,ALMOND,0.4703358620824564,lower-precipitation
2020-03-10,2020,ALMOND,0.5295009997788358,lower-precipitation
2020-03-10,2020,ALMOND,0.5052981917390972,lower-precipitation
2020-03-20,2020,ALMOND,0.5438412262081455,lower-precipitation
2020-03-20,2020,ALMOND,0.50845816595548,lower-precipitation
2020-03-25,2020,ALMOND,0.5583671614640758,lower-precipitation
2020-03-25,2020,ALMOND,0.5214976990528474,lower-precipitation
2020-03-30,2020,ALMOND,0.4752196762389457,lower-precipitation
2020-04-14,2020,ALMOND,0.5876726641652988,lower-precipitation
2020-04-14,2020,ALMOND,0.5312296691476339,lower-precipitation
2020-04-19,2020,ALMOND,0.4904714690613555,lower-precipitation
2020-04-24,2020,ALMOND,0.5363417889883473,lower-precipitation
2020-04-24,2020,ALMOND,0.4869046223988574,lower-precipitation
2020-05-04,2020,ALMOND,0.5087234109288699,lower-precipitation
2020-05-04,2020,ALMOND,0.4620984682969505,lower-precipitation
2020-05-09,2020,ALMOND,0.5287794297760471,lower-precipitation
2020-05-09,2020,ALMOND,0.466763103130323,lower-precipitation
2020-05-09,2020,ALMOND,0.5004083058910114,lower-precipitation
2020-05-09,2020,ALMOND,0.4473839513324665,lower-precipitation
2020-05-19,2020,ALMOND,0.4314608048430665,lower-precipitation
2020-05-24,2020,ALMOND,0.4874600815711653,lower-precipitation
2020-05-24,2020,ALMOND,0.4384951577764436,lower-precipitation
2020-05-29,2020,ALMOND,0.4024128257402206,lower-precipitation
2020-06-03,2020,ALMOND,0.475813800300347,lower-precipitation
2020-06-03,2020,ALMOND,0.4244603016250772,lower-precipitation
2020-06-08,2020,ALMOND,0.4853645479075812,lower-precipitation
2020-06-08,2020,ALMOND,0.4337802271226681,lower-precipitation
2020-06-13,2020,ALMOND,0.4390104549679503,lower-precipitation
2020-06-13,2020,ALMOND,0.4203255256931767,lower-precipitation
2020-06-18,2020,ALMOND,0.4796991663152008,lower-precipitation
2020-06-18,2020,ALMOND,0.4285968653632336,lower-precipitation
2020-06-23,2020,ALMOND,0.4633506752795703,lower-precipitation
2020-06-23,2020,ALMOND,0.4134449556566907,lower-precipitation
2020-06-28,2020,ALMOND,0.4628594242161064,lower-precipitation
2020-06-28,2020,ALMOND,0.4160767123261956,lower-precipitation
2020-07-03,2020,ALMOND,0.4662550857427415,lower-precipitation
2020-07-03,2020,ALMOND,0.4208381521715889,lower-precipitation
2020-07-08,2020,ALMOND,0.4624289890778438,lower-precipitation
2020-07-08,2020,ALMOND,0.4160743431410074,lower-precipitation
2020-07-13,2020,ALMOND,0.4550090664756064,lower-precipitation
2020-07-13,2020,ALMOND,0.4110003958629641,lower-precipitation
2020-07-18,2020,ALMOND,0.454579328187678,lower-precipitation
2020-07-18,2020,ALMOND,0.4089047056498859,lower-precipitation
2020-07-23,2020,ALMOND,0.4493035898647768,lower-precipitation
2020-07-23,2020,ALMOND,0.4096550131949647,lower-precipitation
2020-07-28,2020,ALMOND,0.4598699371199137,lower-precipitation
2020-07-28,2020,ALMOND,0.4118929634238332,lower-precipitation
2020-08-02,2020,ALMOND,0.4558363448097279,lower-precipitation
2020-08-02,2020,ALMOND,0.4274265877956101,lower-precipitation
2020-08-07,2020,ALMOND,0.4389572834993215,lower-precipitation
2020-08-07,2020,ALMOND,0.4086930810490853,lower-precipitation
2020-08-12,2020,ALMOND,0.4365327434771698,lower-precipitation
2020-08-12,2020,ALMOND,0.4119163972288069,lower-precipitation
2020-08-17,2020,ALMOND,0.3808063157540957,lower-precipitation
2020-08-22,2020,ALMOND,0.3992562431321715,lower-precipitation
2020-08-22,2020,ALMOND,0.3681231546652659,lower-precipitation
2020-08-27,2020,ALMOND,0.4443774153362398,lower-precipitation
2020-08-27,2020,ALMOND,0.4242997711312923,lower-precipitation
2020-09-01,2020,ALMOND,0.3935435312192575,lower-precipitation
2020-09-01,2020,ALMOND,0.3353608477280057,lower-precipitation
2020-09-06,2020,ALMOND,0.3590398613498646,lower-precipitation
2020-09-06,2020,ALMOND,0.3835873514137786,lower-precipitation
2020-09-11,2020,ALMOND,0.3115837199857904,lower-precipitation
2020-09-11,2020,ALMOND,0.3163362753360864,lower-precipitation
2020-09-16,2020,ALMOND,0.4066839323765853,lower-precipitation
2020-09-16,2020,ALMOND,0.4143161798703226,lower-precipitation
2020-09-21,2020,ALMOND,0.3799918550490331,lower-precipitation
2020-09-21,2020,ALMOND,0.4168294999683903,lower-precipitation
2020-09-26,2020,ALMOND,0.3493214614947383,lower-precipitation
2020-09-26,2020,ALMOND,0.3680744438446311,lower-precipitation
2020-10-01,2020,ALMOND,0.3036988268515311,lower-precipitation
2020-10-01,2020,ALMOND,0.2403440411369095,lower-precipitation
2020-10-06,2020,ALMOND,0.4093091657561261,lower-precipitation
2020-10-06,2020,ALMOND,0.3740572216498122,lower-precipitation
2020-10-11,2020,ALMOND,0.4224897454775545,lower-precipitation
2020-10-11,2020,ALMOND,0.3943756770559886,lower-precipitation
2020-10-16,2020,ALMOND,0.4103050252067459,lower-precipitation
2020-10-16,2020,ALMOND,0.4222067896582988,lower-precipitation
2020-10-21,2020,ALMOND,0.4247132636064752,lower-precipitation
2020-10-21,2020,ALMOND,0.3914229746871997,lower-precipitation
2020-10-26,2020,ALMOND,0.4366327054857429,lower-precipitation
2020-10-26,2020,ALMOND,0.3931757762239045,lower-precipitation
2020-10-31,2020,ALMOND,0.4212474155896583,lower-precipitation
2020-10-31,2020,ALMOND,0.3771926672195407,lower-precipitation
2020-11-05,2020,ALMOND,0.4289393804941636,lower-precipitation
2020-11-05,2020,ALMOND,0.3822834637253741,lower-precipitation
2020-11-10,2020,ALMOND,0.4573606524142932,lower-precipitation
2020-11-10,2020,ALMOND,0.3849993129789653,lower-precipitation
2020-11-15,2020,ALMOND,0.4906069716804818,lower-precipitation
2020-11-15,2020,ALMOND,0.3966794716460382,lower-precipitation
2020-11-20,2020,ALMOND,0.4759726508461468,lower-precipitation
2020-11-20,2020,ALMOND,0.3890576705337156,lower-precipitation
2020-11-25,2020,ALMOND,0.4701332236908729,lower-precipitation
2020-11-25,2020,ALMOND,0.3898998627098061,lower-precipitation
2020-11-30,2020,ALMOND,0.4400606665203898,lower-precipitation
2020-11-30,2020,ALMOND,0.3582563647840657,lower-precipitation
2020-12-05,2020,ALMOND,0.289220094953581,lower-precipitation
2020-12-05,2020,ALMOND,0.2885749669892628,lower-precipitation
2020-12-10,2020,ALMOND,0.3986369824031571,lower-precipitation
2020-12-10,2020,ALMOND,0.3358840918345585,lower-precipitation
2020-12-15,2020,ALMOND,0.2820987357290807,lower-precipitation
2020-12-20,2020,ALMOND,0.3586088419536796,lower-precipitation
2020-12-20,2020,ALMOND,0.2003910357504595,lower-precipitation
2020-12-30,2020,ALMOND,0.3855729351424455,lower-precipitation
2020-12-30,2020,ALMOND,0.3563548563990446,lower-precipitation
2021-01-09,2021,ALMOND,0.3908217602948838,higher-precipitation
2021-01-09,2021,ALMOND,0.3574307895366531,higher-precipitation
2021-01-14,2021,ALMOND,0.3487801697809161,higher-precipitation
2021-01-14,2021,ALMOND,0.1637223636608064,higher-precipitation
2021-01-19,2021,ALMOND,0.3729399840015518,higher-precipitation
2021-01-19,2021,ALMOND,0.3808195849410183,higher-precipitation
2021-01-29,2021,ALMOND,0.3006450179585994,higher-precipitation
2021-02-08,2021,ALMOND,0.3774373581253665,higher-precipitation
2021-02-13,2021,ALMOND,0.4673143641366193,higher-precipitation
2021-02-13,2021,ALMOND,0.4709560932235335,higher-precipitation
2021-02-23,2021,ALMOND,0.4534823535039233,higher-precipitation
2021-02-23,2021,ALMOND,0.4714589495056167,higher-precipitation
2021-02-28,2021,ALMOND,0.4808530045086094,higher-precipitation
2021-02-28,2021,ALMOND,0.467376396061284,higher-precipitation
2021-03-05,2021,ALMOND,0.5397662969807432,higher-precipitation
2021-03-05,2021,ALMOND,0.4778180001477682,higher-precipitation
2021-03-15,2021,ALMOND,0.5712949724555285,higher-precipitation
2021-03-20,2021,ALMOND,0.6360251232809925,higher-precipitation
2021-03-20,2021,ALMOND,0.5607773865677579,higher-precipitation
2021-03-25,2021,ALMOND,0.6265909358423907,higher-precipitation
2021-03-25,2021,ALMOND,0.5244737338853185,higher-precipitation
2021-03-30,2021,ALMOND,0.6186865467733904,higher-precipitation
2021-03-30,2021,ALMOND,0.5223345922585897,higher-precipitation
2021-04-09,2021,ALMOND,0.5894633596120757,higher-precipitation
2021-04-09,2021,ALMOND,0.5044170064603407,higher-precipitation
2021-04-14,2021,ALMOND,0.5755122234180311,higher-precipitation
2021-04-14,2021,ALMOND,0.4814915653831698,higher-precipitation
2021-04-19,2021,ALMOND,0.5653696712959368,higher-precipitation
2021-04-19,2021,ALMOND,0.4695901074599254,higher-precipitation
2021-04-24,2021,ALMOND,0.5324010760558382,higher-precipitation
2021-04-24,2021,ALMOND,0.4392220384219752,higher-precipitation
2021-04-29,2021,ALMOND,0.5454891095761206,higher-precipitation
2021-04-29,2021,ALMOND,0.4510841068108684,higher-precipitation
2021-05-04,2021,ALMOND,0.5171414637632906,higher-precipitation
2021-05-04,2021,ALMOND,0.4322336890152508,higher-precipitation
2021-05-09,2021,ALMOND,0.4828736395507612,higher-precipitation
2021-05-09,2021,ALMOND,0.4253389533652135,higher-precipitation
2021-05-14,2021,ALMOND,0.5012973265114545,higher-precipitation
2021-05-14,2021,ALMOND,0.4293012255723932,higher-precipitation
2021-05-19,2021,ALMOND,0.4923661238797261,higher-precipitation
2021-05-19,2021,ALMOND,0.4180493696933222,higher-precipitation
2021-05-24,2021,ALMOND,0.4868961231003448,higher-precipitation
2021-05-24,2021,ALMOND,0.4128464570866509,higher-precipitation
2021-05-29,2021,ALMOND,0.4849578323731462,higher-precipitation
2021-05-29,2021,ALMOND,0.4127136938466329,higher-precipitation
2021-06-03,2021,ALMOND,0.4839222532514949,higher-precipitation
2021-06-03,2021,ALMOND,0.4098153954608459,higher-precipitation
2021-06-08,2021,ALMOND,0.4877826481443623,higher-precipitation
2021-06-08,2021,ALMOND,0.4187068833718064,higher-precipitation
2021-06-13,2021,ALMOND,0.4803913856990943,higher-precipitation
2021-06-13,2021,ALMOND,0.4072139097017916,higher-precipitation
2021-06-18,2021,ALMOND,0.4767113367061849,higher-precipitation
2021-06-18,2021,ALMOND,0.4110646907905703,higher-precipitation
2021-06-23,2021,ALMOND,0.4830604384038553,higher-precipitation
2021-06-23,2021,ALMOND,0.4093920368051421,higher-precipitation
2021-06-28,2021,ALMOND,0.479465370367942,higher-precipitation
2021-06-28,2021,ALMOND,0.4115548595464974,higher-precipitation
2021-07-08,2021,ALMOND,0.4873962238241274,higher-precipitation
2021-07-08,2021,ALMOND,0.4253256179125901,higher-precipitation
2021-07-13,2021,ALMOND,0.4761895423260985,higher-precipitation
2021-07-13,2021,ALMOND,0.4161321850667504,higher-precipitation
2021-07-18,2021,ALMOND,0.4662358664627237,higher-precipitation
2021-07-18,2021,ALMOND,0.4336826200983986,higher-precipitation
2021-07-23,2021,ALMOND,0.4767950816335173,higher-precipitation
2021-07-23,2021,ALMOND,0.4138951188724105,higher-precipitation
2021-07-28,2021,ALMOND,0.4594436500207421,higher-precipitation
2021-08-02,2021,ALMOND,0.4730743371364284,higher-precipitation
2021-08-02,2021,ALMOND,0.4157028476576485,higher-precipitation
2021-08-07,2021,ALMOND,0.2173512695723121,higher-precipitation
2021-08-07,2021,ALMOND,0.2366674425250641,higher-precipitation
2021-08-12,2021,ALMOND,0.3397359319333655,higher-precipitation
2021-08-12,2021,ALMOND,0.3309228607200932,higher-precipitation
2021-08-17,2021,ALMOND,0.2925967418466618,higher-precipitation
2021-08-17,2021,ALMOND,0.2617010343449497,higher-precipitation
2021-08-22,2021,ALMOND,0.4819349977655556,higher-precipitation
2021-08-22,2021,ALMOND,0.4291626108753377,higher-precipitation
2021-08-27,2021,ALMOND,0.3873625907351147,higher-precipitation
2021-08-27,2021,ALMOND,0.3292740058396566,higher-precipitation
2021-09-01,2021,ALMOND,0.4753333136473929,higher-precipitation
2021-09-01,2021,ALMOND,0.4117753557008758,higher-precipitation
2021-09-06,2021,ALMOND,0.4096517477642661,higher-precipitation
2021-09-06,2021,ALMOND,0.3864835356263454,higher-precipitation
2021-09-11,2021,ALMOND,0.4747906147954693,higher-precipitation
2021-09-11,2021,ALMOND,0.4275617744825798,higher-precipitation
2021-09-16,2021,ALMOND,0.4644583528947413,higher-precipitation
2021-09-16,2021,ALMOND,0.4030845934200063,higher-precipitation
2021-09-21,2021,ALMOND,0.4541398922877646,higher-precipitation
2021-09-21,2021,ALMOND,0.4141281413359167,higher-precipitation
2021-09-26,2021,ALMOND,0.4692888124625299,higher-precipitation
2021-09-26,2021,ALMOND,0.4157545325404647,higher-precipitation
2021-10-01,2021,ALMOND,0.4389931673664418,higher-precipitation
2021-10-01,2021,ALMOND,0.4068319887975327,higher-precipitation
2021-10-11,2021,ALMOND,0.4312676676583199,higher-precipitation
2021-10-11,2021,ALMOND,0.3885061317697767,higher-precipitation
2021-10-16,2021,ALMOND,0.4627673132621097,higher-precipitation
2021-10-16,2021,ALMOND,0.411838527047546,higher-precipitation
2021-10-31,2021,ALMOND,0.4379334079211734,higher-precipitation
2021-11-10,2021,ALMOND,0.4477600194274777,higher-precipitation
2021-11-20,2021,ALMOND,0.6219578190755999,higher-precipitation
2021-11-20,2021,ALMOND,0.5588239250772076,higher-precipitation
2021-11-25,2021,ALMOND,0.5778651076906768,higher-precipitation
2021-11-25,2021,ALMOND,0.544683253583682,higher-precipitation
2021-11-30,2021,ALMOND,0.5819245044461754,higher-precipitation
2021-11-30,2021,ALMOND,0.5370597396226552,higher-precipitation
2021-12-05,2021,ALMOND,0.0349514429229909,higher-precipitation
2021-12-10,2021,ALMOND,0.6024086770570393,higher-precipitation
2021-12-10,2021,ALMOND,0.5915177200355924,higher-precipitation
2021-12-15,2021,ALMOND,0.5226097289063635,higher-precipitation
2021-12-30,2021,ALMOND,0.492885649095547,higher-precipitation
2021-12-30,2021,ALMOND,0.4727856926434212,higher-precipitation
2022-01-09,2022,ALMOND,0.4301908175496524,lower-precipitation
2022-01-09,2022,ALMOND,0.4411479508676614,lower-precipitation
2022-01-14,2022,ALMOND,0.5169848570179685,lower-precipitation
2022-01-14,2022,ALMOND,0.5134397689223797,lower-precipitation
2022-01-19,2022,ALMOND,0.4940233858878006,lower-precipitation
2022-01-19,2022,ALMOND,0.4462715310332604,lower-precipitation
2022-01-24,2022,ALMOND,0.3930183709970249,lower-precipitation
2022-01-24,2022,ALMOND,0.4792513059469112,lower-precipitation
2022-01-29,2022,ALMOND,0.4629230111133892,lower-precipitation
2022-01-29,2022,ALMOND,0.4699952074924693,lower-precipitation
2022-02-03,2022,ALMOND,0.4657498144773779,lower-precipitation
2022-02-08,2022,ALMOND,0.4460763169103725,lower-precipitation
2022-02-08,2022,ALMOND,0.4709269338360475,lower-precipitation
2022-02-13,2022,ALMOND,0.4105367898461415,lower-precipitation
2022-02-13,2022,ALMOND,0.458923391795158,lower-precipitation
2022-02-18,2022,ALMOND,0.4157092319882569,lower-precipitation
2022-02-18,2022,ALMOND,0.4394395322434527,lower-precipitation
2022-02-23,2022,ALMOND,0.4644000909409648,lower-precipitation
2022-02-23,2022,ALMOND,0.4929981202331309,lower-precipitation
2022-02-28,2022,ALMOND,0.4718728302611411,lower-precipitation
2022-02-28,2022,ALMOND,0.4629624673692684,lower-precipitation
2022-03-10,2022,ALMOND,0.5854795809792686,lower-precipitation
2022-03-10,2022,ALMOND,0.5160631556150882,lower-precipitation
2022-03-20,2022,ALMOND,0.6325591302079846,lower-precipitation
2022-03-20,2022,ALMOND,0.5431998421721046,lower-precipitation
2022-03-25,2022,ALMOND,0.6421757274555085,lower-precipitation
2022-03-25,2022,ALMOND,0.5527188034788303,lower-precipitation
2022-04-04,2022,ALMOND,0.4642432656248503,lower-precipitation
2022-04-09,2022,ALMOND,0.6973412582381182,lower-precipitation
2022-04-09,2022,ALMOND,0.5219092713041276,lower-precipitation
2022-04-24,2022,ALMOND,0.6242636895715069,lower-precipitation
2022-04-24,2022,ALMOND,0.5460632180013701,lower-precipitation
2022-05-04,2022,ALMOND,0.600614782240914,lower-precipitation
2022-05-04,2022,ALMOND,0.529907839014859,lower-precipitation
2022-05-09,2022,ALMOND,0.6201476113794065,lower-precipitation
2022-05-09,2022,ALMOND,0.5032540856694311,lower-precipitation
2022-05-14,2022,ALMOND,0.5804642566926683,lower-precipitation
2022-05-14,2022,ALMOND,0.5102540870978716,lower-precipitation
2022-05-19,2022,ALMOND,0.5226256969514161,lower-precipitation
2022-05-19,2022,ALMOND,0.4680824125775127,lower-precipitation
2022-05-24,2022,ALMOND,0.5271994588459347,lower-precipitation
2022-05-24,2022,ALMOND,0.4747985732851438,lower-precipitation
2022-05-29,2022,ALMOND,0.5569425457157636,lower-precipitation
2022-05-29,2022,ALMOND,0.4976971748110953,lower-precipitation
2022-06-08,2022,ALMOND,0.5450347149496203,lower-precipitation
2022-06-08,2022,ALMOND,0.4709782068334697,lower-precipitation
2022-06-13,2022,ALMOND,0.5493910780681135,lower-precipitation
2022-06-13,2022,ALMOND,0.4991443540477067,lower-precipitation
2022-06-18,2022,ALMOND,0.5440652931593812,lower-precipitation
2022-06-18,2022,ALMOND,0.4913820359960414,lower-precipitation
2022-06-23,2022,ALMOND,0.5254194961725133,lower-precipitation
2022-06-23,2022,ALMOND,0.4760913435641683,lower-precipitation
2022-06-28,2022,ALMOND,0.5360749976577346,lower-precipitation
2022-06-28,2022,ALMOND,0.4824006712221156,lower-precipitation
2022-07-08,2022,ALMOND,0.5335741388739391,lower-precipitation
2022-07-08,2022,ALMOND,0.4807931906591707,lower-precipitation
2022-07-13,2022,ALMOND,0.5352213125313319,lower-precipitation
2022-07-13,2022,ALMOND,0.4809106818404235,lower-precipitation
2022-07-18,2022,ALMOND,0.5141579645727733,lower-precipitation
2022-07-18,2022,ALMOND,0.4659538644418274,lower-precipitation
2022-07-23,2022,ALMOND,0.529451631691676,lower-precipitation
2022-07-23,2022,ALMOND,0.4811230392071356,lower-precipitation
2022-07-28,2022,ALMOND,0.5261862241816471,lower-precipitation
2022-07-28,2022,ALMOND,0.4768279106599123,lower-precipitation
2022-08-02,2022,ALMOND,0.5052452640304116,lower-precipitation
2022-08-02,2022,ALMOND,0.4681425689404537,lower-precipitation
2022-08-07,2022,ALMOND,0.514583440361513,lower-precipitation
2022-08-07,2022,ALMOND,0.4732896063489631,lower-precipitation
2022-08-12,2022,ALMOND,0.5156276036322854,lower-precipitation
2022-08-12,2022,ALMOND,0.4767408911764859,lower-precipitation
2022-08-22,2022,ALMOND,0.4933693004789924,lower-precipitation
2022-08-22,2022,ALMOND,0.4614705534438522,lower-precipitation
2022-08-27,2022,ALMOND,0.495748789288582,lower-precipitation
2022-08-27,2022,ALMOND,0.4640476727438841,lower-precipitation
2022-09-01,2022,ALMOND,0.4817787838903774,lower-precipitation
2022-09-01,2022,ALMOND,0.4541176053625366,lower-precipitation
2022-09-06,2022,ALMOND,0.4596140842925669,lower-precipitation
2022-09-06,2022,ALMOND,0.4321704660574292,lower-precipitation
2022-09-11,2022,ALMOND,0.382153533959063,lower-precipitation
2022-09-16,2022,ALMOND,0.4695525791522273,lower-precipitation
2022-09-16,2022,ALMOND,0.4416388030811569,lower-precipitation
2022-09-21,2022,ALMOND,0.3513492679981432,lower-precipitation
2022-09-26,2022,ALMOND,0.5372886085532852,lower-precipitation
2022-09-26,2022,ALMOND,0.4741448783944514,lower-precipitation
2022-10-01,2022,ALMOND,0.5349375841568605,lower-precipitation
2022-10-01,2022,ALMOND,0.4775782220437206,lower-precipitation
2022-10-06,2022,ALMOND,0.5232482033199671,lower-precipitation
2022-10-06,2022,ALMOND,0.4651281154986504,lower-precipitation
2022-10-11,2022,ALMOND,0.521373895695415,lower-precipitation
2022-10-11,2022,ALMOND,0.4681076462564081,lower-precipitation
2022-10-16,2022,ALMOND,0.4265021827790335,lower-precipitation
2022-10-21,2022,ALMOND,0.5195413998579526,lower-precipitation
2022-10-21,2022,ALMOND,0.4625246602587245,lower-precipitation
2022-10-26,2022,ALMOND,0.5113298002920201,lower-precipitation
2022-10-26,2022,ALMOND,0.4724543319428039,lower-precipitation
2022-11-10,2022,ALMOND,0.5630668679915829,lower-precipitation
2022-11-10,2022,ALMOND,0.5327043715855119,lower-precipitation
2022-11-15,2022,ALMOND,0.532980667933919,lower-precipitation
2022-11-15,2022,ALMOND,0.4997532851379332,lower-precipitation
2022-11-20,2022,ALMOND,0.5032225558763447,lower-precipitation
2022-11-20,2022,ALMOND,0.4740040370521987,lower-precipitation
2022-11-25,2022,ALMOND,0.4503326239072223,lower-precipitation
2022-11-25,2022,ALMOND,0.4197377192871828,lower-precipitation
2022-11-30,2022,ALMOND,0.4398850227210852,lower-precipitation
2022-11-30,2022,ALMOND,0.4005194288556306,lower-precipitation
2022-12-05,2022,ALMOND,0.4581733102646947,lower-precipitation
2022-12-05,2022,ALMOND,0.412669653647865,lower-precipitation
2022-12-15,2022,ALMOND,0.4476291902839647,lower-precipitation
2022-12-15,2022,ALMOND,0.4367313276522305,lower-precipitation
2022-12-20,2022,ALMOND,0.379448567771208,lower-precipitation
2018-01-20,2018,CITRUS,0.8055322712466336,higher-precipitation
2018-01-25,2018,CITRUS,0.7334360551874284,higher-precipitation
2018-02-09,2018,CITRUS,0.7485670612347852,higher-precipitation
2018-02-19,2018,CITRUS,0.7425431708231778,higher-precipitation
2018-03-06,2018,CITRUS,0.7832219744679948,higher-precipitation
2018-03-11,2018,CITRUS,0.7188521610174893,higher-precipitation
2018-03-26,2018,CITRUS,0.755262218781569,higher-precipitation
2018-04-15,2018,CITRUS,0.726104669155091,higher-precipitation
2018-04-20,2018,CITRUS,0.7413580244625438,higher-precipitation
2018-04-25,2018,CITRUS,0.7066743051542039,higher-precipitation
2018-05-15,2018,CITRUS,0.7440963853628683,higher-precipitation
2018-06-14,2018,CITRUS,0.763907733884236,higher-precipitation
2018-06-19,2018,CITRUS,0.7724879833434452,higher-precipitation
2018-06-24,2018,CITRUS,0.7664835163080395,higher-precipitation
2018-06-29,2018,CITRUS,0.7572571426840554,higher-precipitation
2018-07-04,2018,CITRUS,0.7573858547991527,higher-precipitation
2018-07-09,2018,CITRUS,0.741343728332643,higher-precipitation
2018-07-14,2018,CITRUS,0.7387127759993485,higher-precipitation
2018-07-19,2018,CITRUS,0.7409111825262514,higher-precipitation
2018-07-24,2018,CITRUS,0.7373979835003844,higher-precipitation
2018-07-29,2018,CITRUS,0.2686676427033917,higher-precipitation
2018-08-03,2018,CITRUS,0.3624382206831881,higher-precipitation
2018-08-08,2018,CITRUS,0.6450643775439776,higher-precipitation
2018-08-13,2018,CITRUS,0.7394896717522503,higher-precipitation
2018-08-18,2018,CITRUS,0.7407045007972837,higher-precipitation
2018-08-23,2018,CITRUS,0.6679039839970542,higher-precipitation
2018-08-28,2018,CITRUS,0.7335834894844322,higher-precipitation
2018-09-02,2018,CITRUS,0.6690763050417466,higher-precipitation
2018-09-07,2018,CITRUS,0.700612131135055,higher-precipitation
2018-09-17,2018,CITRUS,0.702218170555388,higher-precipitation
2018-09-22,2018,CITRUS,0.6600719422481799,higher-precipitation
2018-09-27,2018,CITRUS,0.6570169916120148,higher-precipitation
2018-10-02,2018,CITRUS,0.6553398055980098,higher-precipitation
2018-10-07,2018,CITRUS,0.6927731090108326,higher-precipitation
2018-10-12,2018,CITRUS,0.681322546366049,higher-precipitation
2018-10-17,2018,CITRUS,0.6720619279830887,higher-precipitation
2018-10-22,2018,CITRUS,0.6951038573089378,higher-precipitation
2018-11-01,2018,CITRUS,0.6462121209673439,higher-precipitation
2018-11-06,2018,CITRUS,0.7250101996225989,higher-precipitation
2018-11-11,2018,CITRUS,0.4700231863299029,higher-precipitation
2018-11-16,2018,CITRUS,0.1970973782310165,higher-precipitation
2018-12-06,2018,CITRUS,0.8284182301928427,higher-precipitation
2018-12-11,2018,CITRUS,0.5815789471771122,higher-precipitation
2018-12-26,2018,CITRUS,0.829736210699546,higher-precipitation
2019-01-10,2019,CITRUS,0.2171953042772979,higher-precipitation
2019-01-25,2019,CITRUS,0.68058085037412,higher-precipitation
2019-01-30,2019,CITRUS,0.6644730356591373,higher-precipitation
2019-02-19,2019,CITRUS,0.7375644648706096,higher-precipitation
2019-03-11,2019,CITRUS,0.6711318486863592,higher-precipitation
2019-03-16,2019,CITRUS,0.6326506347355788,higher-precipitation
2019-03-21,2019,CITRUS,0.6137295296191098,higher-precipitation
2019-03-31,2019,CITRUS,0.623144445923624,higher-precipitation
2019-04-10,2019,CITRUS,0.6200177194170209,higher-precipitation
2019-04-20,2019,CITRUS,0.7545539438953442,higher-precipitation
2019-04-25,2019,CITRUS,0.6340471227265421,higher-precipitation
2019-05-05,2019,CITRUS,0.5435305723281307,higher-precipitation
2019-05-10,2019,CITRUS,0.5174120512437063,higher-precipitation
2019-05-25,2019,CITRUS,0.432575436967823,higher-precipitation
2019-05-30,2019,CITRUS,0.4465861884039544,higher-precipitation
2019-06-04,2019,CITRUS,0.4496286507794283,higher-precipitation
2019-06-09,2019,CITRUS,0.4746950068499882,higher-precipitation
2019-06-14,2019,CITRUS,0.4833765911432233,higher-precipitation
2019-06-19,2019,CITRUS,0.4215889408188247,higher-precipitation
2019-06-24,2019,CITRUS,0.4043209990618276,higher-precipitation
2019-07-04,2019,CITRUS,0.3916975069012867,higher-precipitation
2019-07-09,2019,CITRUS,0.3843209603269987,higher-precipitation
2019-07-14,2019,CITRUS,0.4008388017886028,higher-precipitation
2019-07-19,2019,CITRUS,0.3879788691522839,higher-precipitation
2019-07-24,2019,CITRUS,0.3885231330146778,higher-precipitation
2019-07-29,2019,CITRUS,0.4533496061237433,higher-precipitation
2019-08-03,2019,CITRUS,0.3834233885454491,higher-precipitation
2019-08-08,2019,CITRUS,0.3946203148871013,higher-precipitation
2019-08-13,2019,CITRUS,0.4008260886737904,higher-precipitation
2019-08-18,2019,CITRUS,0.396309916678667,higher-precipitation
2019-08-23,2019,CITRUS,0.3876437355435389,higher-precipitation
2019-08-28,2019,CITRUS,0.3901596791380884,higher-precipitation
2019-09-02,2019,CITRUS,0.394813786446498,higher-precipitation
2019-09-12,2019,CITRUS,0.4035110321290726,higher-precipitation
2019-09-17,2019,CITRUS,0.4141079602061529,higher-precipitation
2019-09-27,2019,CITRUS,0.4092888064388011,higher-precipitation
2019-10-02,2019,CITRUS,0.4321515262334467,higher-precipitation
2019-10-07,2019,CITRUS,0.4103832641877199,higher-precipitation
2019-10-07,2019,CITRUS,0.2974481658099186,higher-precipitation
2019-10-12,2019,CITRUS,0.4314276580311292,higher-precipitation
2019-10-17,2019,CITRUS,0.4052984987026822,higher-precipitation
2019-10-22,2019,CITRUS,0.4303993820098158,higher-precipitation
2019-10-27,2019,CITRUS,0.4401958659423064,higher-precipitation
2019-11-01,2019,CITRUS,0.4277300698594017,higher-precipitation
2019-11-06,2019,CITRUS,0.4498471240178058,higher-precipitation
2019-11-11,2019,CITRUS,0.3678227352310814,higher-precipitation
2019-11-16,2019,CITRUS,0.4054831801448669,higher-precipitation
2019-11-21,2019,CITRUS,0.3859671425044139,higher-precipitation
2019-12-06,2019,CITRUS,0.4787719468794693,higher-precipitation
2019-12-16,2019,CITRUS,0.6603700137745191,higher-precipitation
2019-12-26,2019,CITRUS,0.696243375184689,higher-precipitation
2020-01-05,2020,CITRUS,0.7390829892127803,lower-precipitation
2020-01-05,2020,CITRUS,0.3528275821929291,lower-precipitation
2020-01-10,2020,CITRUS,0.771700924530323,lower-precipitation
2020-01-10,2020,CITRUS,0.8133740847958182,lower-precipitation
2020-02-04,2020,CITRUS,0.6631145815380813,lower-precipitation
2020-02-09,2020,CITRUS,0.8661077931976822,lower-precipitation
2020-02-09,2020,CITRUS,0.7051534786853074,lower-precipitation
2020-02-19,2020,CITRUS,0.8699851835617465,lower-precipitation
2020-02-19,2020,CITRUS,0.6886911413319772,lower-precipitation
2020-02-24,2020,CITRUS,0.8729917881601241,lower-precipitation
2020-02-24,2020,CITRUS,0.687671436617255,lower-precipitation
2020-02-29,2020,CITRUS,0.8707857944938586,lower-precipitation
2020-02-29,2020,CITRUS,0.6821781133206519,lower-precipitation
2020-03-05,2020,CITRUS,0.6771841402993548,lower-precipitation
2020-03-10,2020,CITRUS,0.8496342004373423,lower-precipitation
2020-03-10,2020,CITRUS,0.6814698731704812,lower-precipitation
2020-03-20,2020,CITRUS,0.3600998350189302,lower-precipitation
2020-03-20,2020,CITRUS,0.78142930119482,lower-precipitation
2020-03-25,2020,CITRUS,0.8347202071245887,lower-precipitation
2020-03-25,2020,CITRUS,0.6489215450621041,lower-precipitation
2020-03-30,2020,CITRUS,0.5265895287060812,lower-precipitation
2020-04-14,2020,CITRUS,0.4799144731765348,lower-precipitation
2020-04-14,2020,CITRUS,0.6929883397121444,lower-precipitation
2020-04-19,2020,CITRUS,0.6004371947789263,lower-precipitation
2020-04-24,2020,CITRUS,0.3632995636103819,lower-precipitation
2020-04-24,2020,CITRUS,0.6292034806208189,lower-precipitation
2020-05-04,2020,CITRUS,0.4942818720201882,lower-precipitation
2020-05-09,2020,CITRUS,0.3175470097609625,lower-precipitation
2020-05-09,2020,CITRUS,0.464237001816085,lower-precipitation
2020-05-09,2020,CITRUS,0.322902175798398,lower-precipitation
2020-05-09,2020,CITRUS,0.5187853225635557,lower-precipitation
2020-05-24,2020,CITRUS,0.2857173789440512,lower-precipitation
2020-05-24,2020,CITRUS,0.3977001220574231,lower-precipitation
2020-05-29,2020,CITRUS,0.33770092975597,lower-precipitation
2020-06-03,2020,CITRUS,0.2653015663821187,lower-precipitation
2020-06-03,2020,CITRUS,0.3667013266335405,lower-precipitation
2020-06-08,2020,CITRUS,0.2693973634167231,lower-precipitation
2020-06-08,2020,CITRUS,0.381554822314076,lower-precipitation
2020-06-13,2020,CITRUS,0.2032188917995241,lower-precipitation
2020-06-13,2020,CITRUS,0.3779609435455358,lower-precipitation
2020-06-18,2020,CITRUS,0.2587003191774136,lower-precipitation
2020-06-18,2020,CITRUS,0.3767181556640014,lower-precipitation
2020-06-23,2020,CITRUS,0.2376599349198373,lower-precipitation
2020-06-23,2020,CITRUS,0.3649812431150042,lower-precipitation
2020-06-28,2020,CITRUS,0.2466708810435764,lower-precipitation
2020-06-28,2020,CITRUS,0.3766877315891829,lower-precipitation
2020-07-03,2020,CITRUS,0.2487900448857053,lower-precipitation
2020-07-03,2020,CITRUS,0.3882323735302087,lower-precipitation
2020-07-08,2020,CITRUS,0.2555471955574273,lower-precipitation
2020-07-08,2020,CITRUS,0.3788850761123677,lower-precipitation
2020-07-13,2020,CITRUS,0.2487350166781172,lower-precipitation
2020-07-13,2020,CITRUS,0.3781172399398029,lower-precipitation
2020-07-18,2020,CITRUS,0.2575684748945495,lower-precipitation
2020-07-18,2020,CITRUS,0.3708838108696231,lower-precipitation
2020-07-23,2020,CITRUS,0.2589267236434813,lower-precipitation
2020-07-23,2020,CITRUS,0.3633176503056373,lower-precipitation
2020-07-28,2020,CITRUS,0.2644930167625504,lower-precipitation
2020-07-28,2020,CITRUS,0.3741028533969511,lower-precipitation
2020-08-02,2020,CITRUS,0.2694478141051853,lower-precipitation
2020-08-02,2020,CITRUS,0.3840502060851908,lower-precipitation
2020-08-07,2020,CITRUS,0.2597791348993567,lower-precipitation
2020-08-07,2020,CITRUS,0.3782626923066085,lower-precipitation
2020-08-12,2020,CITRUS,0.2611509764379256,lower-precipitation
2020-08-12,2020,CITRUS,0.3740985522013298,lower-precipitation
2020-08-22,2020,CITRUS,0.2721501804600588,lower-precipitation
2020-08-22,2020,CITRUS,0.2373687403040797,lower-precipitation
2020-08-27,2020,CITRUS,0.2816861949233573,lower-precipitation
2020-08-27,2020,CITRUS,0.3811537169121269,lower-precipitation
2020-09-01,2020,CITRUS,0.2724775902532802,lower-precipitation
2020-09-01,2020,CITRUS,0.3411446183417145,lower-precipitation
2020-09-06,2020,CITRUS,0.263091287996858,lower-precipitation
2020-09-06,2020,CITRUS,0.3854106280776369,lower-precipitation
2020-09-11,2020,CITRUS,0.2563943273835976,lower-precipitation
2020-09-11,2020,CITRUS,0.3535444810171562,lower-precipitation
2020-09-16,2020,CITRUS,0.2917876159023729,lower-precipitation
2020-09-16,2020,CITRUS,0.3370049389048402,lower-precipitation
2020-09-21,2020,CITRUS,0.2729184350222323,lower-precipitation
2020-09-21,2020,CITRUS,0.4043499664544335,lower-precipitation
2020-09-26,2020,CITRUS,0.2486945519149402,lower-precipitation
2020-09-26,2020,CITRUS,0.3732905133247812,lower-precipitation
2020-10-01,2020,CITRUS,0.257991659800217,lower-precipitation
2020-10-01,2020,CITRUS,0.2836121732658768,lower-precipitation
2020-10-06,2020,CITRUS,0.2955540711594272,lower-precipitation
2020-10-06,2020,CITRUS,0.3787923894111748,lower-precipitation
2020-10-11,2020,CITRUS,0.2804321152112804,lower-precipitation
2020-10-11,2020,CITRUS,0.3813803881449695,lower-precipitation
2020-10-16,2020,CITRUS,0.269723154530598,lower-precipitation
2020-10-16,2020,CITRUS,0.423842068364848,lower-precipitation
2020-10-21,2020,CITRUS,0.261086535689139,lower-precipitation
2020-10-21,2020,CITRUS,0.4001598724242798,lower-precipitation
2020-10-26,2020,CITRUS,0.269553964686513,lower-precipitation
2020-10-26,2020,CITRUS,0.4091437390056269,lower-precipitation
2020-10-31,2020,CITRUS,0.2608834085330753,lower-precipitation
2020-10-31,2020,CITRUS,0.3959168869683809,lower-precipitation
2020-11-05,2020,CITRUS,0.2535752082691414,lower-precipitation
2020-11-05,2020,CITRUS,0.3965868922468208,lower-precipitation
2020-11-10,2020,CITRUS,0.278527878242914,lower-precipitation
2020-11-10,2020,CITRUS,0.4175766642235232,lower-precipitation
2020-11-15,2020,CITRUS,0.2705875412144863,lower-precipitation
2020-11-15,2020,CITRUS,0.4193987423478822,lower-precipitation
2020-11-20,2020,CITRUS,0.2721586609777445,lower-precipitation
2020-11-20,2020,CITRUS,0.4199613563999024,lower-precipitation
2020-11-25,2020,CITRUS,0.2663646672171543,lower-precipitation
2020-11-25,2020,CITRUS,0.4356874054866173,lower-precipitation
2020-11-30,2020,CITRUS,0.2627260743084833,lower-precipitation
2020-11-30,2020,CITRUS,0.4187072575452842,lower-precipitation
2020-12-05,2020,CITRUS,0.3928948191786274,lower-precipitation
2020-12-10,2020,CITRUS,0.2556349709608623,lower-precipitation
2020-12-10,2020,CITRUS,0.402847363322884,lower-precipitation
2020-12-15,2020,CITRUS,0.1645898234255997,lower-precipitation
2020-12-20,2020,CITRUS,0.2862522173120412,lower-precipitation
2020-12-20,2020,CITRUS,0.3156337643197975,lower-precipitation
2020-12-30,2020,CITRUS,0.3702965178610411,lower-precipitation
2020-12-30,2020,CITRUS,0.4802453803518641,lower-precipitation
2021-01-09,2021,CITRUS,0.6203522687271756,higher-precipitation
2021-01-14,2021,CITRUS,0.0270554912699259,higher-precipitation
2021-01-19,2021,CITRUS,0.5739954166242912,higher-precipitation
2021-02-13,2021,CITRUS,0.6175719393476635,higher-precipitation
2021-02-23,2021,CITRUS,0.6519099561086202,higher-precipitation
2021-02-28,2021,CITRUS,0.6128094223438988,higher-precipitation
2021-03-05,2021,CITRUS,0.6041631456688241,higher-precipitation
2021-03-20,2021,CITRUS,0.6376840637010038,higher-precipitation
2021-03-25,2021,CITRUS,0.4497289833696942,higher-precipitation
2021-03-30,2021,CITRUS,0.6123000140998791,higher-precipitation
2021-04-09,2021,CITRUS,0.5636119152518759,higher-precipitation
2021-04-14,2021,CITRUS,0.5358689631364717,higher-precipitation
2021-04-19,2021,CITRUS,0.5029892075218253,higher-precipitation
2021-04-24,2021,CITRUS,0.4665419535112306,higher-precipitation
2021-04-29,2021,CITRUS,0.4586435783563259,higher-precipitation
2021-05-04,2021,CITRUS,0.414860430555281,higher-precipitation
2021-05-09,2021,CITRUS,0.4001837327462315,higher-precipitation
2021-05-14,2021,CITRUS,0.4117039139226818,higher-precipitation
2021-05-19,2021,CITRUS,0.4104279644310388,higher-precipitation
2021-05-24,2021,CITRUS,0.4060009105960347,higher-precipitation
2021-05-29,2021,CITRUS,0.4111076505933569,higher-precipitation
2021-06-03,2021,CITRUS,0.3938427929755966,higher-precipitation
2021-06-08,2021,CITRUS,0.3957283676230242,higher-precipitation
2021-06-13,2021,CITRUS,0.3876907526941627,higher-precipitation
2021-06-18,2021,CITRUS,0.3994122538446589,higher-precipitation
2021-06-23,2021,CITRUS,0.3884337882172346,higher-precipitation
2021-06-28,2021,CITRUS,0.3994820260819632,higher-precipitation
2021-07-08,2021,CITRUS,0.3965118243732453,higher-precipitation
2021-07-13,2021,CITRUS,0.3926945122358604,higher-precipitation
2021-07-18,2021,CITRUS,0.4009879360392314,higher-precipitation
2021-07-23,2021,CITRUS,0.385810693548667,higher-precipitation
2021-08-02,2021,CITRUS,0.3862906106060102,higher-precipitation
2021-08-07,2021,CITRUS,0.24527020885127,higher-precipitation
2021-08-12,2021,CITRUS,0.2677526856794924,higher-precipitation
2021-08-17,2021,CITRUS,0.29951788510028,higher-precipitation
2021-08-22,2021,CITRUS,0.4154921896039651,higher-precipitation
2021-08-27,2021,CITRUS,0.3386531466582525,higher-precipitation
2021-09-01,2021,CITRUS,0.4029436421827783,higher-precipitation
2021-09-06,2021,CITRUS,0.3678848648724553,higher-precipitation
2021-09-11,2021,CITRUS,0.4185648836683602,higher-precipitation
2021-09-16,2021,CITRUS,0.3981343326321545,higher-precipitation
2021-09-21,2021,CITRUS,0.3980870696035522,higher-precipitation
2021-09-26,2021,CITRUS,0.4058668184614302,higher-precipitation
2021-10-01,2021,CITRUS,0.4050082314215781,higher-precipitation
2021-10-11,2021,CITRUS,0.4058921413752122,higher-precipitation
2021-10-16,2021,CITRUS,0.4284293767442006,higher-precipitation
2021-10-31,2021,CITRUS,0.5135647427432957,higher-precipitation
2021-11-20,2021,CITRUS,0.3256899335830514,higher-precipitation
2021-11-25,2021,CITRUS,0.7121575159942438,higher-precipitation
2021-11-30,2021,CITRUS,0.7783607915495199,higher-precipitation
2021-12-10,2021,CITRUS,0.7460383750156407,higher-precipitation
2021-12-15,2021,CITRUS,0.7621052761848107,higher-precipitation
2021-12-30,2021,CITRUS,0.590492566288249,higher-precipitation
2022-01-09,2022,CITRUS,0.870613441574916,lower-precipitation
2022-01-09,2022,CITRUS,0.7162360895988032,lower-precipitation
2022-01-14,2022,CITRUS,0.7804203915570914,lower-precipitation
2022-01-14,2022,CITRUS,0.6752445097046019,lower-precipitation
2022-01-19,2022,CITRUS,0.7714848872870625,lower-precipitation
2022-01-19,2022,CITRUS,0.6705268929463815,lower-precipitation
2022-01-24,2022,CITRUS,0.5986220071150411,lower-precipitation
2022-01-24,2022,CITRUS,0.6685202976144274,lower-precipitation
2022-01-29,2022,CITRUS,0.8813074361586921,lower-precipitation
2022-01-29,2022,CITRUS,0.6661645791953996,lower-precipitation
2022-02-08,2022,CITRUS,0.7084523226083516,lower-precipitation
2022-02-08,2022,CITRUS,0.6240656311564772,lower-precipitation
2022-02-13,2022,CITRUS,0.7294738287688416,lower-precipitation
2022-02-13,2022,CITRUS,0.6226105348580209,lower-precipitation
2022-02-18,2022,CITRUS,0.8613291362530339,lower-precipitation
2022-02-18,2022,CITRUS,0.5340358445777799,lower-precipitation
2022-02-23,2022,CITRUS,0.6732074048279123,lower-precipitation
2022-02-23,2022,CITRUS,0.6514005990073921,lower-precipitation
2022-02-28,2022,CITRUS,0.6194505442221971,lower-precipitation
2022-02-28,2022,CITRUS,0.598180827777982,lower-precipitation
2022-03-10,2022,CITRUS,0.5847238148859388,lower-precipitation
2022-03-10,2022,CITRUS,0.6006719280321469,lower-precipitation
2022-03-20,2022,CITRUS,0.5342862683342477,lower-precipitation
2022-03-20,2022,CITRUS,0.585840982919726,lower-precipitation
2022-03-25,2022,CITRUS,0.507317845871885,lower-precipitation
2022-03-25,2022,CITRUS,0.5720674440033526,lower-precipitation
2022-04-09,2022,CITRUS,0.4292202874984026,lower-precipitation
2022-04-09,2022,CITRUS,0.5246046695497818,lower-precipitation
2022-04-24,2022,CITRUS,0.3760053556186582,lower-precipitation
2022-04-24,2022,CITRUS,0.5087683738140107,lower-precipitation
2022-05-04,2022,CITRUS,0.3400642277868677,lower-precipitation
2022-05-04,2022,CITRUS,0.452206288073761,lower-precipitation
2022-05-09,2022,CITRUS,0.3875222815017746,lower-precipitation
2022-05-09,2022,CITRUS,0.4006917630216379,lower-precipitation
2022-05-14,2022,CITRUS,0.3100902059251996,lower-precipitation
2022-05-14,2022,CITRUS,0.4245284442083286,lower-precipitation
2022-05-19,2022,CITRUS,0.3635154112564842,lower-precipitation
2022-05-24,2022,CITRUS,0.3006830833976806,lower-precipitation
2022-05-24,2022,CITRUS,0.4172338818424113,lower-precipitation
2022-05-29,2022,CITRUS,0.314189770741214,lower-precipitation
2022-05-29,2022,CITRUS,0.4212773187916688,lower-precipitation
2022-06-08,2022,CITRUS,0.2308414080551802,lower-precipitation
2022-06-08,2022,CITRUS,0.4100897333406644,lower-precipitation
2022-06-13,2022,CITRUS,0.3025399909295641,lower-precipitation
2022-06-13,2022,CITRUS,0.4227510617114431,lower-precipitation
2022-06-18,2022,CITRUS,0.250115973401063,lower-precipitation
2022-06-18,2022,CITRUS,0.3677609707023526,lower-precipitation
2022-06-23,2022,CITRUS,0.2918829108721617,lower-precipitation
2022-06-23,2022,CITRUS,0.4004364997801476,lower-precipitation
2022-06-28,2022,CITRUS,0.3049254733612209,lower-precipitation
2022-06-28,2022,CITRUS,0.4090474422381946,lower-precipitation
2022-07-08,2022,CITRUS,0.3029520886878807,lower-precipitation
2022-07-08,2022,CITRUS,0.418204241535788,lower-precipitation
2022-07-13,2022,CITRUS,0.2962539668496763,lower-precipitation
2022-07-13,2022,CITRUS,0.4287046389935361,lower-precipitation
2022-07-18,2022,CITRUS,0.2828548558655333,lower-precipitation
2022-07-18,2022,CITRUS,0.4271215155590425,lower-precipitation
2022-07-23,2022,CITRUS,0.2974310376752407,lower-precipitation
2022-07-23,2022,CITRUS,0.4220200073356236,lower-precipitation
2022-07-28,2022,CITRUS,0.3777476333353181,lower-precipitation
2022-08-02,2022,CITRUS,0.286060981631324,lower-precipitation
2022-08-02,2022,CITRUS,0.4718188648201978,lower-precipitation
2022-08-07,2022,CITRUS,0.3156625359619439,lower-precipitation
2022-08-07,2022,CITRUS,0.4547161492071394,lower-precipitation
2022-08-12,2022,CITRUS,0.3070732421898082,lower-precipitation
2022-08-12,2022,CITRUS,0.4685837895880134,lower-precipitation
2022-08-22,2022,CITRUS,0.3126182000046018,lower-precipitation
2022-08-22,2022,CITRUS,0.4461226717053094,lower-precipitation
2022-08-27,2022,CITRUS,0.3217818534153459,lower-precipitation
2022-08-27,2022,CITRUS,0.4525035790009027,lower-precipitation
2022-09-01,2022,CITRUS,0.3240330489110904,lower-precipitation
2022-09-01,2022,CITRUS,0.4429588658646342,lower-precipitation
2022-09-06,2022,CITRUS,0.299815955363765,lower-precipitation
2022-09-06,2022,CITRUS,0.4409089033316017,lower-precipitation
2022-09-11,2022,CITRUS,0.4233933281886662,lower-precipitation
2022-09-16,2022,CITRUS,0.3334475408684164,lower-precipitation
2022-09-16,2022,CITRUS,0.4144720558115161,lower-precipitation
2022-09-21,2022,CITRUS,0.3438885369398706,lower-precipitation
2022-09-26,2022,CITRUS,0.4322288655199202,lower-precipitation
2022-09-26,2022,CITRUS,0.4777949709698915,lower-precipitation
2022-10-01,2022,CITRUS,0.4464442999497341,lower-precipitation
2022-10-01,2022,CITRUS,0.4882707563414626,lower-precipitation
2022-10-06,2022,CITRUS,0.4358351962305005,lower-precipitation
2022-10-06,2022,CITRUS,0.443428378066494,lower-precipitation
2022-10-11,2022,CITRUS,0.4291376388054526,lower-precipitation
2022-10-11,2022,CITRUS,0.4597813608855219,lower-precipitation
2022-10-16,2022,CITRUS,0.4372355266545105,lower-precipitation
2022-10-21,2022,CITRUS,0.4155875551054345,lower-precipitation
2022-10-21,2022,CITRUS,0.4688812889396658,lower-precipitation
2022-10-26,2022,CITRUS,0.4156705835298339,lower-precipitation
2022-10-26,2022,CITRUS,0.4847986855103849,lower-precipitation
2022-11-10,2022,CITRUS,0.4635451768665001,lower-precipitation
2022-11-10,2022,CITRUS,0.5351446803416365,lower-precipitation
2022-11-15,2022,CITRUS,0.4575020320616325,lower-precipitation
2022-11-15,2022,CITRUS,0.5151777049678291,lower-precipitation
2022-11-20,2022,CITRUS,0.4595246645219311,lower-precipitation
2022-11-20,2022,CITRUS,0.5178514846815074,lower-precipitation
2022-11-25,2022,CITRUS,0.493175646955094,lower-precipitation
2022-11-30,2022,CITRUS,0.3719357563939409,lower-precipitation
2022-11-30,2022,CITRUS,0.4460977216352886,lower-precipitation
2022-12-05,2022,CITRUS,0.4915764338028212,lower-precipitation
2022-12-15,2022,CITRUS,0.5546695830987969,lower-precipitation
2022-12-15,2022,CITRUS,0.4791832303815994,lower-precipitation
2022-12-20,2022,CITRUS,0.6286468627643903,lower-precipitation
2018-01-20,2018,GRAPES,0.5652763138852414,higher-precipitation
2018-01-20,2018,GRAPES,0.5623246028637368,higher-precipitation
2018-01-25,2018,GRAPES,0.5406170808431654,higher-precipitation
2018-01-25,2018,GRAPES,0.5346525232879886,higher-precipitation
2018-02-09,2018,GRAPES,0.5603536546060559,higher-precipitation
2018-02-09,2018,GRAPES,0.5432922137092263,higher-precipitation
2018-02-19,2018,GRAPES,0.5360078515894048,higher-precipitation
2018-02-19,2018,GRAPES,0.5075751379896724,higher-precipitation
2018-03-06,2018,GRAPES,0.5029609458590887,higher-precipitation
2018-03-06,2018,GRAPES,0.5046764783701594,higher-precipitation
2018-03-11,2018,GRAPES,0.5494035539655413,higher-precipitation
2018-03-11,2018,GRAPES,0.4601485699413599,higher-precipitation
2018-03-26,2018,GRAPES,0.5195616785230784,higher-precipitation
2018-03-26,2018,GRAPES,0.4979147739330536,higher-precipitation
2018-03-31,2018,GRAPES,0.638159692124385,higher-precipitation
2018-04-15,2018,GRAPES,0.481778202784847,higher-precipitation
2018-04-15,2018,GRAPES,0.4144970282177699,higher-precipitation
2018-04-20,2018,GRAPES,0.5521574901235808,higher-precipitation
2018-04-20,2018,GRAPES,0.4089784791235338,higher-precipitation
2018-04-20,2018,GRAPES,0.4432811312863061,higher-precipitation
2018-04-20,2018,GRAPES,0.3933419902992359,higher-precipitation
2018-04-25,2018,GRAPES,0.484728772633411,higher-precipitation
2018-04-25,2018,GRAPES,0.4109684954205579,higher-precipitation
2018-04-30,2018,GRAPES,0.7352019176221276,higher-precipitation
2018-05-15,2018,GRAPES,0.4190537692033317,higher-precipitation
2018-05-15,2018,GRAPES,0.4443985809420162,higher-precipitation
2018-05-20,2018,GRAPES,0.4562547806076957,higher-precipitation
2018-05-20,2018,GRAPES,0.4945838843697381,higher-precipitation
2018-05-30,2018,GRAPES,0.4291435044456348,higher-precipitation
2018-06-04,2018,GRAPES,0.3999814175836578,higher-precipitation
2018-06-04,2018,GRAPES,0.5224640591255394,higher-precipitation
2018-06-09,2018,GRAPES,0.3958744973016538,higher-precipitation
2018-06-14,2018,GRAPES,0.3874942146518572,higher-precipitation
2018-06-14,2018,GRAPES,0.5292184313072277,higher-precipitation
2018-06-19,2018,GRAPES,0.3773263156253129,higher-precipitation
2018-06-19,2018,GRAPES,0.5200134851686454,higher-precipitation
2018-06-24,2018,GRAPES,0.3789306677194188,higher-precipitation
2018-06-24,2018,GRAPES,0.5232037828160521,higher-precipitation
2018-06-29,2018,GRAPES,0.3735899114797116,higher-precipitation
2018-06-29,2018,GRAPES,0.5085437032453414,higher-precipitation
2018-07-04,2018,GRAPES,0.3919560381390156,higher-precipitation
2018-07-04,2018,GRAPES,0.5139974824939363,higher-precipitation
2018-07-09,2018,GRAPES,0.3695183370554684,higher-precipitation
2018-07-09,2018,GRAPES,0.5020221005261609,higher-precipitation
2018-07-14,2018,GRAPES,0.3530053272683578,higher-precipitation
2018-07-14,2018,GRAPES,0.4928144677314204,higher-precipitation
2018-07-19,2018,GRAPES,0.3678570347689893,higher-precipitation
2018-07-19,2018,GRAPES,0.5080213254974051,higher-precipitation
2018-07-24,2018,GRAPES,0.3648010469154153,higher-precipitation
2018-07-24,2018,GRAPES,0.4972125374498127,higher-precipitation
2018-07-29,2018,GRAPES,0.3795716966112996,higher-precipitation
2018-07-29,2018,GRAPES,0.2593346371580064,higher-precipitation
2018-08-03,2018,GRAPES,0.3180917919339456,higher-precipitation
2018-08-03,2018,GRAPES,0.3885485265690414,higher-precipitation
2018-08-08,2018,GRAPES,0.3289030241838741,higher-precipitation
2018-08-08,2018,GRAPES,0.5203994054474869,higher-precipitation
2018-08-13,2018,GRAPES,0.36592702669375,higher-precipitation
2018-08-13,2018,GRAPES,0.5148452797263569,higher-precipitation
2018-08-18,2018,GRAPES,0.3928984276772377,higher-precipitation
2018-08-18,2018,GRAPES,0.5120805643057235,higher-precipitation
2018-08-23,2018,GRAPES,0.3820705829787336,higher-precipitation
2018-08-23,2018,GRAPES,0.4976207962448096,higher-precipitation
2018-08-28,2018,GRAPES,0.3733199594914274,higher-precipitation
2018-08-28,2018,GRAPES,0.5052689054610517,higher-precipitation
2018-09-02,2018,GRAPES,0.3792520323957789,higher-precipitation
2018-09-02,2018,GRAPES,0.4959343131451088,higher-precipitation
2018-09-07,2018,GRAPES,0.3751739875190727,higher-precipitation
2018-09-07,2018,GRAPES,0.5100547972370386,higher-precipitation
2018-09-17,2018,GRAPES,0.3748504772426434,higher-precipitation
2018-09-17,2018,GRAPES,0.5113756669620976,higher-precipitation
2018-09-22,2018,GRAPES,0.3718277605662688,higher-precipitation
2018-09-22,2018,GRAPES,0.5011352555594534,higher-precipitation
2018-09-27,2018,GRAPES,0.3731458604762747,higher-precipitation
2018-09-27,2018,GRAPES,0.4917445844618718,higher-precipitation
2018-10-02,2018,GRAPES,0.4718839530297254,higher-precipitation
2018-10-07,2018,GRAPES,0.4007457848631764,higher-precipitation
2018-10-07,2018,GRAPES,0.5238477574169117,higher-precipitation
2018-10-12,2018,GRAPES,0.3954572774614719,higher-precipitation
2018-10-12,2018,GRAPES,0.5127142731108089,higher-precipitation
2018-10-17,2018,GRAPES,0.3876656331194613,higher-precipitation
2018-10-17,2018,GRAPES,0.4986105612395517,higher-precipitation
2018-10-22,2018,GRAPES,0.3831715601789811,higher-precipitation
2018-10-22,2018,GRAPES,0.4924155510885916,higher-precipitation
2018-10-27,2018,GRAPES,0.4442679013147421,higher-precipitation
2018-11-01,2018,GRAPES,0.3437418858930073,higher-precipitation
2018-11-01,2018,GRAPES,0.4306370738753228,higher-precipitation
2018-11-06,2018,GRAPES,0.368629927145892,higher-precipitation
2018-11-06,2018,GRAPES,0.4570558004667212,higher-precipitation
2018-11-11,2018,GRAPES,0.3184980334329346,higher-precipitation
2018-11-11,2018,GRAPES,0.2701484191381003,higher-precipitation
2018-11-16,2018,GRAPES,0.193501241326829,higher-precipitation
2018-11-16,2018,GRAPES,0.2293737279586339,higher-precipitation
2018-12-01,2018,GRAPES,0.3900087210264397,higher-precipitation
2018-12-06,2018,GRAPES,0.3868880512774345,higher-precipitation
2018-12-06,2018,GRAPES,0.3586076441945045,higher-precipitation
2018-12-11,2018,GRAPES,0.3961569816395513,higher-precipitation
2018-12-11,2018,GRAPES,0.2374701701032545,higher-precipitation
2018-12-26,2018,GRAPES,0.4832541737415831,higher-precipitation
2018-12-26,2018,GRAPES,0.4570506437048984,higher-precipitation
2019-01-10,2019,GRAPES,0.237891773861904,higher-precipitation
2019-01-10,2019,GRAPES,0.0659835469271831,higher-precipitation
2019-01-25,2019,GRAPES,0.5027560260124658,higher-precipitation
2019-01-25,2019,GRAPES,0.5066015138787751,higher-precipitation
2019-01-30,2019,GRAPES,0.3457453273069774,higher-precipitation
2019-01-30,2019,GRAPES,0.4525646355078744,higher-precipitation
2019-02-19,2019,GRAPES,0.4962631031220393,higher-precipitation
2019-02-19,2019,GRAPES,0.5582828556588482,higher-precipitation
2019-03-11,2019,GRAPES,0.5120140767445704,higher-precipitation
2019-03-11,2019,GRAPES,0.5572461895129769,higher-precipitation
2019-03-16,2019,GRAPES,0.4923650009967063,higher-precipitation
2019-03-16,2019,GRAPES,0.4988664518158898,higher-precipitation
2019-03-21,2019,GRAPES,0.5243404319018428,higher-precipitation
2019-03-21,2019,GRAPES,0.5261779908502001,higher-precipitation
2019-03-31,2019,GRAPES,0.5283065092720513,higher-precipitation
2019-03-31,2019,GRAPES,0.4830515098625028,higher-precipitation
2019-04-10,2019,GRAPES,0.5088389219102107,higher-precipitation
2019-04-10,2019,GRAPES,0.4495531242794885,higher-precipitation
2019-04-20,2019,GRAPES,0.4940942876698829,higher-precipitation
2019-04-20,2019,GRAPES,0.4070050038538687,higher-precipitation
2019-04-25,2019,GRAPES,0.4710847133794572,higher-precipitation
2019-04-25,2019,GRAPES,0.424896182519055,higher-precipitation
2019-04-30,2019,GRAPES,0.4269677958087848,higher-precipitation
2019-05-05,2019,GRAPES,0.4383711777964784,higher-precipitation
2019-05-05,2019,GRAPES,0.4413924379270085,higher-precipitation
2019-05-10,2019,GRAPES,0.4075948535410752,higher-precipitation
2019-05-10,2019,GRAPES,0.4487608819498602,higher-precipitation
2019-05-25,2019,GRAPES,0.3190130511620031,higher-precipitation
2019-05-25,2019,GRAPES,0.526510448096868,higher-precipitation
2019-05-30,2019,GRAPES,0.4405965166889685,higher-precipitation
2019-05-30,2019,GRAPES,0.5364801536000492,higher-precipitation
2019-06-04,2019,GRAPES,0.4418012456116804,higher-precipitation
2019-06-04,2019,GRAPES,0.5528159260453382,higher-precipitation
2019-06-09,2019,GRAPES,0.4303194535650663,higher-precipitation
2019-06-09,2019,GRAPES,0.5620979243519936,higher-precipitation
2019-06-14,2019,GRAPES,0.4135053479062607,higher-precipitation
2019-06-14,2019,GRAPES,0.5551645282141859,higher-precipitation
2019-06-19,2019,GRAPES,0.4070437536917916,higher-precipitation
2019-06-19,2019,GRAPES,0.5539839468353495,higher-precipitation
2019-06-24,2019,GRAPES,0.4349657391881184,higher-precipitation
2019-06-24,2019,GRAPES,0.5676006583812738,higher-precipitation
2019-06-29,2019,GRAPES,0.4143534385425297,higher-precipitation
2019-07-04,2019,GRAPES,0.3940271791647913,higher-precipitation
2019-07-04,2019,GRAPES,0.526334079861929,higher-precipitation
2019-07-09,2019,GRAPES,0.3888961531475619,higher-precipitation
2019-07-09,2019,GRAPES,0.5189415824742097,higher-precipitation
2019-07-14,2019,GRAPES,0.3939862218533252,higher-precipitation
2019-07-14,2019,GRAPES,0.5247092310905173,higher-precipitation
2019-07-19,2019,GRAPES,0.3883302077675333,higher-precipitation
2019-07-19,2019,GRAPES,0.5119697670302582,higher-precipitation
2019-07-24,2019,GRAPES,0.3870305880353029,higher-precipitation
2019-07-24,2019,GRAPES,0.5082995671852407,higher-precipitation
2019-07-29,2019,GRAPES,0.3786753346090427,higher-precipitation
2019-07-29,2019,GRAPES,0.5172335506499302,higher-precipitation
2019-08-03,2019,GRAPES,0.373108411804977,higher-precipitation
2019-08-03,2019,GRAPES,0.5058883460615737,higher-precipitation
2019-08-08,2019,GRAPES,0.3777864897097162,higher-precipitation
2019-08-08,2019,GRAPES,0.5062709090747791,higher-precipitation
2019-08-13,2019,GRAPES,0.3799616906167652,higher-precipitation
2019-08-13,2019,GRAPES,0.5107623234828377,higher-precipitation
2019-08-18,2019,GRAPES,0.3828017741976947,higher-precipitation
2019-08-18,2019,GRAPES,0.5118529570850391,higher-precipitation
2019-08-23,2019,GRAPES,0.373891535620476,higher-precipitation
2019-08-23,2019,GRAPES,0.5042262291088837,higher-precipitation
2019-08-28,2019,GRAPES,0.308368502747638,higher-precipitation
2019-08-28,2019,GRAPES,0.4850362327461526,higher-precipitation
2019-09-02,2019,GRAPES,0.3595856428963833,higher-precipitation
2019-09-02,2019,GRAPES,0.4990659238264375,higher-precipitation
2019-09-12,2019,GRAPES,0.363749996954228,higher-precipitation
2019-09-12,2019,GRAPES,0.4963255724828643,higher-precipitation
2019-09-17,2019,GRAPES,0.3881176044213768,higher-precipitation
2019-09-17,2019,GRAPES,0.5388099984963455,higher-precipitation
2019-09-27,2019,GRAPES,0.4628420257893212,higher-precipitation
2019-10-02,2019,GRAPES,0.3872608443101293,higher-precipitation
2019-10-02,2019,GRAPES,0.5224582889960472,higher-precipitation
2019-10-07,2019,GRAPES,0.4119606500481033,higher-precipitation
2019-10-07,2019,GRAPES,0.5015513890925872,higher-precipitation
2019-10-07,2019,GRAPES,0.3384130705784161,higher-precipitation
2019-10-07,2019,GRAPES,0.502494842670087,higher-precipitation
2019-10-12,2019,GRAPES,0.3716706032558491,higher-precipitation
2019-10-12,2019,GRAPES,0.5238967379558372,higher-precipitation
2019-10-17,2019,GRAPES,0.3701250233595094,higher-precipitation
2019-10-17,2019,GRAPES,0.4743124474046979,higher-precipitation
2019-10-22,2019,GRAPES,0.360323670286607,higher-precipitation
2019-10-22,2019,GRAPES,0.4653389740383052,higher-precipitation
2019-10-27,2019,GRAPES,0.3592530905231609,higher-precipitation
2019-10-27,2019,GRAPES,0.4348254949500654,higher-precipitation
2019-11-01,2019,GRAPES,0.3505022291275969,higher-precipitation
2019-11-01,2019,GRAPES,0.3889500205625,higher-precipitation
2019-11-06,2019,GRAPES,0.3305483629934902,higher-precipitation
2019-11-06,2019,GRAPES,0.3433379087916041,higher-precipitation
2019-11-11,2019,GRAPES,0.3019803714336924,higher-precipitation
2019-11-16,2019,GRAPES,0.3290489231116492,higher-precipitation
2019-11-16,2019,GRAPES,0.3115923774721885,higher-precipitation
2019-11-21,2019,GRAPES,0.2977216654839741,higher-precipitation
2019-11-21,2019,GRAPES,0.2800088669466423,higher-precipitation
2019-12-06,2019,GRAPES,0.3221459584679436,higher-precipitation
2019-12-16,2019,GRAPES,0.398469562660807,higher-precipitation
2019-12-16,2019,GRAPES,0.3549851647341678,higher-precipitation
2019-12-26,2019,GRAPES,0.4325903063191774,higher-precipitation
2019-12-26,2019,GRAPES,0.4340616338515869,higher-precipitation
2020-01-05,2020,GRAPES,0.5356853169022002,lower-precipitation
2020-01-05,2020,GRAPES,0.4426254393804524,lower-precipitation
2020-01-10,2020,GRAPES,0.5586714222241436,lower-precipitation
2020-01-10,2020,GRAPES,0.4389523253113725,lower-precipitation
2020-02-04,2020,GRAPES,0.5452933204420388,lower-precipitation
2020-02-09,2020,GRAPES,0.7266443497174822,lower-precipitation
2020-02-09,2020,GRAPES,0.5131354216468734,lower-precipitation
2020-02-19,2020,GRAPES,0.7348271448337628,lower-precipitation
2020-02-19,2020,GRAPES,0.4867597622799977,lower-precipitation
2020-02-24,2020,GRAPES,0.7363899475173032,lower-precipitation
2020-02-24,2020,GRAPES,0.4746687625292342,lower-precipitation
2020-02-29,2020,GRAPES,0.7278323037983683,lower-precipitation
2020-02-29,2020,GRAPES,0.4573349767771142,lower-precipitation
2020-03-05,2020,GRAPES,0.4166150075032436,lower-precipitation
2020-03-10,2020,GRAPES,0.5521405925420845,lower-precipitation
2020-03-10,2020,GRAPES,0.4145764341362175,lower-precipitation
2020-03-20,2020,GRAPES,0.6779390660107243,lower-precipitation
2020-03-20,2020,GRAPES,0.4168062212434361,lower-precipitation
2020-03-25,2020,GRAPES,0.7126913266095257,lower-precipitation
2020-03-25,2020,GRAPES,0.3957702464157299,lower-precipitation
2020-03-30,2020,GRAPES,0.3337012698744626,lower-precipitation
2020-04-14,2020,GRAPES,0.6075052429220309,lower-precipitation
2020-04-14,2020,GRAPES,0.3708467400572777,lower-precipitation
2020-04-19,2020,GRAPES,0.3539971065987286,lower-precipitation
2020-04-24,2020,GRAPES,0.4404741811297598,lower-precipitation
2020-04-24,2020,GRAPES,0.3754173438424903,lower-precipitation
2020-05-04,2020,GRAPES,0.3079673451944479,lower-precipitation
2020-05-04,2020,GRAPES,0.4145538939970333,lower-precipitation
2020-05-09,2020,GRAPES,0.4458313049018136,lower-precipitation
2020-05-09,2020,GRAPES,0.4527995622837572,lower-precipitation
2020-05-09,2020,GRAPES,0.2638762051481308,lower-precipitation
2020-05-09,2020,GRAPES,0.428322596329704,lower-precipitation
2020-05-19,2020,GRAPES,0.2495676819264158,lower-precipitation
2020-05-24,2020,GRAPES,0.1928405460665798,lower-precipitation
2020-05-24,2020,GRAPES,0.468070855413194,lower-precipitation
2020-05-29,2020,GRAPES,0.4889735464096924,lower-precipitation
2020-06-03,2020,GRAPES,0.1777172821632793,lower-precipitation
2020-06-03,2020,GRAPES,0.48433608609472,lower-precipitation
2020-06-08,2020,GRAPES,0.1952591131755054,lower-precipitation
2020-06-08,2020,GRAPES,0.484311423452237,lower-precipitation
2020-06-13,2020,GRAPES,0.1546963184599604,lower-precipitation
2020-06-13,2020,GRAPES,0.4881764484363929,lower-precipitation
2020-06-18,2020,GRAPES,0.1894750680186615,lower-precipitation
2020-06-18,2020,GRAPES,0.4760338989199065,lower-precipitation
2020-06-23,2020,GRAPES,0.169225225909707,lower-precipitation
2020-06-23,2020,GRAPES,0.4632282945045947,lower-precipitation
2020-06-28,2020,GRAPES,0.1777734060036594,lower-precipitation
2020-06-28,2020,GRAPES,0.4600826408877296,lower-precipitation
2020-07-03,2020,GRAPES,0.1791244385718632,lower-precipitation
2020-07-03,2020,GRAPES,0.4614381512554409,lower-precipitation
2020-07-08,2020,GRAPES,0.1736025417353677,lower-precipitation
2020-07-08,2020,GRAPES,0.4509267236999034,lower-precipitation
2020-07-13,2020,GRAPES,0.1709997476718506,lower-precipitation
2020-07-13,2020,GRAPES,0.4479711492009353,lower-precipitation
2020-07-18,2020,GRAPES,0.1762082179891098,lower-precipitation
2020-07-18,2020,GRAPES,0.4411475106371412,lower-precipitation
2020-07-23,2020,GRAPES,0.1708078182897089,lower-precipitation
2020-07-23,2020,GRAPES,0.4417074351194189,lower-precipitation
2020-07-28,2020,GRAPES,0.1822512462882663,lower-precipitation
2020-07-28,2020,GRAPES,0.4395852243323758,lower-precipitation
2020-08-02,2020,GRAPES,0.2064618603957708,lower-precipitation
2020-08-02,2020,GRAPES,0.4573625832951905,lower-precipitation
2020-08-07,2020,GRAPES,0.1651322959169015,lower-precipitation
2020-08-07,2020,GRAPES,0.4421347291256823,lower-precipitation
2020-08-12,2020,GRAPES,0.1716233436597728,lower-precipitation
2020-08-12,2020,GRAPES,0.4477911456781018,lower-precipitation
2020-08-17,2020,GRAPES,0.4220175995148216,lower-precipitation
2020-08-22,2020,GRAPES,0.1439316901826945,lower-precipitation
2020-08-22,2020,GRAPES,0.3785738374863951,lower-precipitation
2020-08-27,2020,GRAPES,0.1903841391622261,lower-precipitation
2020-08-27,2020,GRAPES,0.4809434001202176,lower-precipitation
2020-09-01,2020,GRAPES,0.0957810020729352,lower-precipitation
2020-09-01,2020,GRAPES,0.379422475054827,lower-precipitation
2020-09-06,2020,GRAPES,0.1271814432237018,lower-precipitation
2020-09-06,2020,GRAPES,0.4403917989785293,lower-precipitation
2020-09-11,2020,GRAPES,0.1350132137144959,lower-precipitation
2020-09-11,2020,GRAPES,0.358295671576509,lower-precipitation
2020-09-16,2020,GRAPES,0.1841508730366608,lower-precipitation
2020-09-16,2020,GRAPES,0.437660301656002,lower-precipitation
2020-09-21,2020,GRAPES,0.1606466645164428,lower-precipitation
2020-09-21,2020,GRAPES,0.4672825272610252,lower-precipitation
2020-09-26,2020,GRAPES,0.133496123837592,lower-precipitation
2020-09-26,2020,GRAPES,0.4047530667217378,lower-precipitation
2020-10-01,2020,GRAPES,0.0737182671190124,lower-precipitation
2020-10-01,2020,GRAPES,0.2909292975986679,lower-precipitation
2020-10-06,2020,GRAPES,0.1753366402195637,lower-precipitation
2020-10-06,2020,GRAPES,0.4101682636348034,lower-precipitation
2020-10-11,2020,GRAPES,0.1789346999829405,lower-precipitation
2020-10-11,2020,GRAPES,0.4249570952667903,lower-precipitation
2020-10-16,2020,GRAPES,0.1726284704301877,lower-precipitation
2020-10-16,2020,GRAPES,0.448416404106594,lower-precipitation
2020-10-21,2020,GRAPES,0.179655456165826,lower-precipitation
2020-10-21,2020,GRAPES,0.4127937295806148,lower-precipitation
2020-10-26,2020,GRAPES,0.1879678388205876,lower-precipitation
2020-10-26,2020,GRAPES,0.4044258407466257,lower-precipitation
2020-10-31,2020,GRAPES,0.1748162934648426,lower-precipitation
2020-10-31,2020,GRAPES,0.3871085327157667,lower-precipitation
2020-11-05,2020,GRAPES,0.1760487005599754,lower-precipitation
2020-11-05,2020,GRAPES,0.3838198891861691,lower-precipitation
2020-11-10,2020,GRAPES,0.1904273590321523,lower-precipitation
2020-11-10,2020,GRAPES,0.3429407036116206,lower-precipitation
2020-11-15,2020,GRAPES,0.1988926141332619,lower-precipitation
2020-11-15,2020,GRAPES,0.3259823049212112,lower-precipitation
2020-11-20,2020,GRAPES,0.2093561123987773,lower-precipitation
2020-11-20,2020,GRAPES,0.3044494962162325,lower-precipitation
2020-11-25,2020,GRAPES,0.1992730321537367,lower-precipitation
2020-11-25,2020,GRAPES,0.2888134046111539,lower-precipitation
2020-11-30,2020,GRAPES,0.1960483960232841,lower-precipitation
2020-11-30,2020,GRAPES,0.2687168884094531,lower-precipitation
2020-12-05,2020,GRAPES,0.3298906539126705,lower-precipitation
2020-12-05,2020,GRAPES,0.2416215371695704,lower-precipitation
2020-12-10,2020,GRAPES,0.1987509972513542,lower-precipitation
2020-12-10,2020,GRAPES,0.2593319746019785,lower-precipitation
2020-12-15,2020,GRAPES,0.2272641735404985,lower-precipitation
2020-12-20,2020,GRAPES,0.157161239967297,lower-precipitation
2020-12-20,2020,GRAPES,0.1084027604855586,lower-precipitation
2020-12-30,2020,GRAPES,0.2496954660154788,lower-precipitation
2020-12-30,2020,GRAPES,0.3023492554700623,lower-precipitation
2021-01-09,2021,GRAPES,0.4052483637882985,higher-precipitation
2021-01-09,2021,GRAPES,0.3146567666854439,higher-precipitation
2021-01-14,2021,GRAPES,0.3986443275460815,higher-precipitation
2021-01-14,2021,GRAPES,0.0330997077782999,higher-precipitation
2021-01-19,2021,GRAPES,0.4351490283464857,higher-precipitation
2021-01-19,2021,GRAPES,0.3870271687989193,higher-precipitation
2021-01-29,2021,GRAPES,0.4061605860174597,higher-precipitation
2021-02-08,2021,GRAPES,0.4831476742091149,higher-precipitation
2021-02-13,2021,GRAPES,0.5402372626824107,higher-precipitation
2021-02-13,2021,GRAPES,0.484981604861974,higher-precipitation
2021-02-23,2021,GRAPES,0.5512175798473374,higher-precipitation
2021-02-23,2021,GRAPES,0.4721526952716261,higher-precipitation
2021-02-28,2021,GRAPES,0.5400790081569958,higher-precipitation
2021-02-28,2021,GRAPES,0.4549647375829914,higher-precipitation
2021-03-05,2021,GRAPES,0.4969014346087124,higher-precipitation
2021-03-05,2021,GRAPES,0.4423653562806279,higher-precipitation
2021-03-15,2021,GRAPES,0.5925443866452934,higher-precipitation
2021-03-20,2021,GRAPES,0.56703904491586,higher-precipitation
2021-03-20,2021,GRAPES,0.4939601026165235,higher-precipitation
2021-03-25,2021,GRAPES,0.5233632597886547,higher-precipitation
2021-03-25,2021,GRAPES,0.3807313074405357,higher-precipitation
2021-03-30,2021,GRAPES,0.4845257486666729,higher-precipitation
2021-03-30,2021,GRAPES,0.3977105258856016,higher-precipitation
2021-04-09,2021,GRAPES,0.4318846221566319,higher-precipitation
2021-04-09,2021,GRAPES,0.3580747204594298,higher-precipitation
2021-04-14,2021,GRAPES,0.4168559755602714,higher-precipitation
2021-04-14,2021,GRAPES,0.3440434163959293,higher-precipitation
2021-04-19,2021,GRAPES,0.4050575374623074,higher-precipitation
2021-04-19,2021,GRAPES,0.356987484673717,higher-precipitation
2021-04-24,2021,GRAPES,0.3640344702344139,higher-precipitation
2021-04-24,2021,GRAPES,0.3508625982594904,higher-precipitation
2021-04-29,2021,GRAPES,0.3674191162900213,higher-precipitation
2021-04-29,2021,GRAPES,0.3716164940366858,higher-precipitation
2021-05-04,2021,GRAPES,0.3392416143321448,higher-precipitation
2021-05-04,2021,GRAPES,0.386958067960914,higher-precipitation
2021-05-09,2021,GRAPES,0.3031734698692631,higher-precipitation
2021-05-09,2021,GRAPES,0.3981570003436772,higher-precipitation
2021-05-14,2021,GRAPES,0.3621995175273494,higher-precipitation
2021-05-14,2021,GRAPES,0.4250951070150689,higher-precipitation
2021-05-19,2021,GRAPES,0.3444578925997607,higher-precipitation
2021-05-19,2021,GRAPES,0.4374473964280936,higher-precipitation
2021-05-24,2021,GRAPES,0.3418901727566468,higher-precipitation
2021-05-24,2021,GRAPES,0.4404596602193177,higher-precipitation
2021-05-29,2021,GRAPES,0.335635941929657,higher-precipitation
2021-05-29,2021,GRAPES,0.4525973740949536,higher-precipitation
2021-06-03,2021,GRAPES,0.2966758226561535,higher-precipitation
2021-06-03,2021,GRAPES,0.4631051870506794,higher-precipitation
2021-06-08,2021,GRAPES,0.3146789857374562,higher-precipitation
2021-06-08,2021,GRAPES,0.4705644038858023,higher-precipitation
2021-06-13,2021,GRAPES,0.3163640491579018,higher-precipitation
2021-06-13,2021,GRAPES,0.4535873168093351,higher-precipitation
2021-06-18,2021,GRAPES,0.3196569549800412,higher-precipitation
2021-06-18,2021,GRAPES,0.4629471382369535,higher-precipitation
2021-06-23,2021,GRAPES,0.3223559881030458,higher-precipitation
2021-06-23,2021,GRAPES,0.4533158520412837,higher-precipitation
2021-06-28,2021,GRAPES,0.3250919386332296,higher-precipitation
2021-06-28,2021,GRAPES,0.4498350853674141,higher-precipitation
2021-07-08,2021,GRAPES,0.3307704142808723,higher-precipitation
2021-07-08,2021,GRAPES,0.452923907813677,higher-precipitation
2021-07-13,2021,GRAPES,0.3234826861766916,higher-precipitation
2021-07-13,2021,GRAPES,0.449512545148107,higher-precipitation
2021-07-18,2021,GRAPES,0.3376936436631393,higher-precipitation
2021-07-18,2021,GRAPES,0.4569728738311834,higher-precipitation
2021-07-23,2021,GRAPES,0.3672434192799283,higher-precipitation
2021-07-23,2021,GRAPES,0.4420714910209028,higher-precipitation
2021-07-28,2021,GRAPES,0.3978932112622481,higher-precipitation
2021-08-02,2021,GRAPES,0.3749192813676492,higher-precipitation
2021-08-02,2021,GRAPES,0.4412296002620218,higher-precipitation
2021-08-07,2021,GRAPES,0.1479075729057757,higher-precipitation
2021-08-07,2021,GRAPES,0.2490218289837664,higher-precipitation
2021-08-12,2021,GRAPES,0.2528471326530493,higher-precipitation
2021-08-12,2021,GRAPES,0.3366284470632089,higher-precipitation
2021-08-17,2021,GRAPES,0.2009973679844253,higher-precipitation
2021-08-17,2021,GRAPES,0.2796749081409893,higher-precipitation
2021-08-22,2021,GRAPES,0.3550560529321268,higher-precipitation
2021-08-22,2021,GRAPES,0.4794912204825939,higher-precipitation
2021-08-27,2021,GRAPES,0.2968713665651928,higher-precipitation
2021-08-27,2021,GRAPES,0.3569989863554139,higher-precipitation
2021-09-01,2021,GRAPES,0.3684575567383437,higher-precipitation
2021-09-01,2021,GRAPES,0.4546202337549142,higher-precipitation
2021-09-06,2021,GRAPES,0.3126498843625642,higher-precipitation
2021-09-06,2021,GRAPES,0.4554966337440871,higher-precipitation
2021-09-11,2021,GRAPES,0.3700341481254737,higher-precipitation
2021-09-11,2021,GRAPES,0.4789519379942441,higher-precipitation
2021-09-16,2021,GRAPES,0.3764672875045133,higher-precipitation
2021-09-16,2021,GRAPES,0.4497505807572163,higher-precipitation
2021-09-21,2021,GRAPES,0.3723674141226034,higher-precipitation
2021-09-21,2021,GRAPES,0.4554382300686852,higher-precipitation
2021-09-26,2021,GRAPES,0.3901904729882601,higher-precipitation
2021-09-26,2021,GRAPES,0.4440905655474811,higher-precipitation
2021-10-01,2021,GRAPES,0.3859042187715341,higher-precipitation
2021-10-01,2021,GRAPES,0.4431362704418027,higher-precipitation
2021-10-11,2021,GRAPES,0.3246580968690247,higher-precipitation
2021-10-11,2021,GRAPES,0.4217090427363664,higher-precipitation
2021-10-16,2021,GRAPES,0.3388918103302888,higher-precipitation
2021-10-16,2021,GRAPES,0.429994491671659,higher-precipitation
2021-10-31,2021,GRAPES,0.4437958621018575,higher-precipitation
2021-11-10,2021,GRAPES,0.444143138794408,higher-precipitation
2021-11-20,2021,GRAPES,0.6427992215034035,higher-precipitation
2021-11-20,2021,GRAPES,0.5292638755586669,higher-precipitation
2021-11-25,2021,GRAPES,0.6056807815175425,higher-precipitation
2021-11-25,2021,GRAPES,0.5446068206260866,higher-precipitation
2021-11-30,2021,GRAPES,0.6168564762661618,higher-precipitation
2021-11-30,2021,GRAPES,0.5438220329317532,higher-precipitation
2021-12-05,2021,GRAPES,0.0372706500589075,higher-precipitation
2021-12-10,2021,GRAPES,0.6316766401890758,higher-precipitation
2021-12-10,2021,GRAPES,0.6116518175266361,higher-precipitation
2021-12-15,2021,GRAPES,0.5252438870018424,higher-precipitation
2021-12-30,2021,GRAPES,0.6153601211806473,higher-precipitation
2021-12-30,2021,GRAPES,0.5440806527391773,higher-precipitation
2022-01-09,2022,GRAPES,0.6099608290046488,lower-precipitation
2022-01-09,2022,GRAPES,0.5808350596537752,lower-precipitation
2022-01-14,2022,GRAPES,0.6209734696639766,lower-precipitation
2022-01-14,2022,GRAPES,0.5394735990131174,lower-precipitation
2022-01-19,2022,GRAPES,0.6069779164495143,lower-precipitation
2022-01-19,2022,GRAPES,0.4495626597209174,lower-precipitation
2022-01-24,2022,GRAPES,0.5582915625463986,lower-precipitation
2022-01-24,2022,GRAPES,0.5545271363567903,lower-precipitation
2022-01-29,2022,GRAPES,0.631241225269977,lower-precipitation
2022-01-29,2022,GRAPES,0.5247254510462502,lower-precipitation
2022-02-03,2022,GRAPES,0.491925391482462,lower-precipitation
2022-02-08,2022,GRAPES,0.5723031753161824,lower-precipitation
2022-02-08,2022,GRAPES,0.4991587531353662,lower-precipitation
2022-02-13,2022,GRAPES,0.5607361426224253,lower-precipitation
2022-02-13,2022,GRAPES,0.4946860075900497,lower-precipitation
2022-02-18,2022,GRAPES,0.591790394092137,lower-precipitation
2022-02-18,2022,GRAPES,0.4704762333690797,lower-precipitation
2022-02-23,2022,GRAPES,0.5622223578778381,lower-precipitation
2022-02-23,2022,GRAPES,0.4872734665852399,lower-precipitation
2022-02-28,2022,GRAPES,0.5276491589578556,lower-precipitation
2022-02-28,2022,GRAPES,0.4245996771615625,lower-precipitation
2022-03-10,2022,GRAPES,0.5226446204294825,lower-precipitation
2022-03-10,2022,GRAPES,0.3969258734117479,lower-precipitation
2022-03-20,2022,GRAPES,0.5159923713190553,lower-precipitation
2022-03-20,2022,GRAPES,0.3685199425127747,lower-precipitation
2022-03-25,2022,GRAPES,0.4991229388459335,lower-precipitation
2022-03-25,2022,GRAPES,0.3468805408506171,lower-precipitation
2022-04-04,2022,GRAPES,0.2952055426060736,lower-precipitation
2022-04-09,2022,GRAPES,0.4627722707339636,lower-precipitation
2022-04-09,2022,GRAPES,0.352065161677031,lower-precipitation
2022-04-24,2022,GRAPES,0.4122638912124018,lower-precipitation
2022-04-24,2022,GRAPES,0.3755627370109555,lower-precipitation
2022-05-04,2022,GRAPES,0.3708540997349399,lower-precipitation
2022-05-04,2022,GRAPES,0.3929818012695852,lower-precipitation
2022-05-09,2022,GRAPES,0.3146382086895786,lower-precipitation
2022-05-09,2022,GRAPES,0.4074395976815229,lower-precipitation
2022-05-14,2022,GRAPES,0.345815231855413,lower-precipitation
2022-05-14,2022,GRAPES,0.4070392477670613,lower-precipitation
2022-05-19,2022,GRAPES,0.27926953940352,lower-precipitation
2022-05-19,2022,GRAPES,0.4145871238265363,lower-precipitation
2022-05-24,2022,GRAPES,0.3205507766286911,lower-precipitation
2022-05-24,2022,GRAPES,0.4544319359375816,lower-precipitation
2022-05-29,2022,GRAPES,0.3416791174676573,lower-precipitation
2022-05-29,2022,GRAPES,0.4663545535037605,lower-precipitation
2022-06-08,2022,GRAPES,0.3096055317342721,lower-precipitation
2022-06-08,2022,GRAPES,0.4955212165645763,lower-precipitation
2022-06-13,2022,GRAPES,0.3376417875718041,lower-precipitation
2022-06-13,2022,GRAPES,0.5075811467987683,lower-precipitation
2022-06-18,2022,GRAPES,0.3274910859481878,lower-precipitation
2022-06-18,2022,GRAPES,0.5000746616795853,lower-precipitation
2022-06-23,2022,GRAPES,0.311413078603991,lower-precipitation
2022-06-23,2022,GRAPES,0.4899441092748561,lower-precipitation
2022-06-28,2022,GRAPES,0.3266926079901359,lower-precipitation
2022-06-28,2022,GRAPES,0.4905014233816441,lower-precipitation
2022-07-08,2022,GRAPES,0.3241909290851887,lower-precipitation
2022-07-08,2022,GRAPES,0.4794222931251572,lower-precipitation
2022-07-13,2022,GRAPES,0.3267024936959722,lower-precipitation
2022-07-13,2022,GRAPES,0.4835895634347069,lower-precipitation
2022-07-18,2022,GRAPES,0.3145790206855475,lower-precipitation
2022-07-18,2022,GRAPES,0.4709409734223579,lower-precipitation
2022-07-23,2022,GRAPES,0.3207004608901397,lower-precipitation
2022-07-23,2022,GRAPES,0.4854743704693872,lower-precipitation
2022-07-28,2022,GRAPES,0.3043547119355542,lower-precipitation
2022-07-28,2022,GRAPES,0.4695132979496751,lower-precipitation
2022-08-02,2022,GRAPES,0.285317701598999,lower-precipitation
2022-08-02,2022,GRAPES,0.4696301972990693,lower-precipitation
2022-08-07,2022,GRAPES,0.3236959551084389,lower-precipitation
2022-08-07,2022,GRAPES,0.4788387074438572,lower-precipitation
2022-08-12,2022,GRAPES,0.3295346722178716,lower-precipitation
2022-08-12,2022,GRAPES,0.4867506778536989,lower-precipitation
2022-08-22,2022,GRAPES,0.3224687844129491,lower-precipitation
2022-08-22,2022,GRAPES,0.4784914920025391,lower-precipitation
2022-08-27,2022,GRAPES,0.3241704775014838,lower-precipitation
2022-08-27,2022,GRAPES,0.4845516815725042,lower-precipitation
2022-09-01,2022,GRAPES,0.3199261817011078,lower-precipitation
2022-09-01,2022,GRAPES,0.4775199749380679,lower-precipitation
2022-09-06,2022,GRAPES,0.3106808962219174,lower-precipitation
2022-09-06,2022,GRAPES,0.4594878536443351,lower-precipitation
2022-09-11,2022,GRAPES,0.4085640758343279,lower-precipitation
2022-09-16,2022,GRAPES,0.3256706049704716,lower-precipitation
2022-09-16,2022,GRAPES,0.4637219669034956,lower-precipitation
2022-09-21,2022,GRAPES,0.3122925738305266,lower-precipitation
2022-09-26,2022,GRAPES,0.3587263317400285,lower-precipitation
2022-09-26,2022,GRAPES,0.479743479782646,lower-precipitation
2022-10-01,2022,GRAPES,0.3615462072216601,lower-precipitation
2022-10-01,2022,GRAPES,0.4810977049539768,lower-precipitation
2022-10-06,2022,GRAPES,0.3689420064007264,lower-precipitation
2022-10-06,2022,GRAPES,0.4626127002749344,lower-precipitation
2022-10-11,2022,GRAPES,0.3430911846936845,lower-precipitation
2022-10-11,2022,GRAPES,0.4604731024081987,lower-precipitation
2022-10-16,2022,GRAPES,0.361446228332032,lower-precipitation
2022-10-21,2022,GRAPES,0.352312363676482,lower-precipitation
2022-10-21,2022,GRAPES,0.4433460460795107,lower-precipitation
2022-10-26,2022,GRAPES,0.3489979557698096,lower-precipitation
2022-10-26,2022,GRAPES,0.4511222051516434,lower-precipitation
2022-11-10,2022,GRAPES,0.3794620217769223,lower-precipitation
2022-11-10,2022,GRAPES,0.4968759079927144,lower-precipitation
2022-11-15,2022,GRAPES,0.37565784840788,lower-precipitation
2022-11-15,2022,GRAPES,0.4516764836971226,lower-precipitation
2022-11-20,2022,GRAPES,0.3710849160240848,lower-precipitation
2022-11-20,2022,GRAPES,0.4028550086524211,lower-precipitation
2022-11-25,2022,GRAPES,0.3728371675014156,lower-precipitation
2022-11-25,2022,GRAPES,0.340288653423321,lower-precipitation
2022-11-30,2022,GRAPES,0.3507163040166319,lower-precipitation
2022-11-30,2022,GRAPES,0.3289768175711616,lower-precipitation
2022-12-05,2022,GRAPES,0.329032130676739,lower-precipitation
2022-12-05,2022,GRAPES,0.3241068670761299,lower-precipitation
2022-12-15,2022,GRAPES,0.411868272673704,lower-precipitation
2022-12-15,2022,GRAPES,0.3264911462539483,lower-precipitation
2022-12-20,2022,GRAPES,0.3343671352066116,lower-precipitation
